data,hora,cidade,gravidade
2024-04-03,12:06,Ribeirão Preto,2
2024-04-04,02:33,Sorocaba,3
2024-04-02,12:19,Sorocaba,1
2024-04-03,21:50,Ribeirão Preto,2
2024-04-03,09:06,Ribeirão Preto,4
2024-04-05,04:51,Ribeirão Preto,3
2024-04-03,03:23,Campinas,4
2024-04-01,04:20,Sorocaba,3
2024-04-07,02:56,Campinas,4
2024-04-05,03:08,São José do Rio Preto,3
2024-04-05,02:18,Ribeirão Preto,5
2024-04-01,03:56,São Paulo,4
2024-04-01,06:19,Campinas,3
2024-04-06,04:56,Sorocaba,1
2024-04-07,01:27,Campinas,3
2024-04-02,09:31,Ribeirão Preto,1
2024-04-07,09:33,Campinas,2
2024-04-06,17:52,Ribeirão Preto,3
2024-04-07,08:15,Campinas,2
2024-04-02,03:37,Ribeirão Preto,2
2024-04-06,03:50,Campinas,5
2024-04-01,04:49,Ribeirão Preto,3
2024-04-02,02:16,Ribeirão Preto,5
2024-04-01,18:10,Ribeirão Preto,5
2024-04-01,01:54,São Paulo,2
2024-04-06,08:03,Campinas,4
2024-04-03,19:55,Ribeirão Preto,2
2024-04-02,04:39,Campinas,2
2024-04-05,08:55,Ribeirão Preto,1
2024-04-05,12:49,Sorocaba,4
2024-04-02,02:44,Ribeirão Preto,2
2024-04-02,01:52,Campinas,4
2024-04-02,03:39,Ribeirão Preto,1
2024-04-02,18:41,Sorocaba,4
2024-04-03,19:17,Ribeirão Preto,3
2024-04-01,22:49,Ribeirão Preto,1
2024-04-02,03:48,Campinas,4
2024-04-06,01:47,Campinas,5
2024-04-02,03:05,São José do Rio Preto,4
2024-04-01,01:45,Sorocaba,1
2024-04-01,08:31,São Paulo,5
2024-04-01,22:04,São Paulo,4
2024-04-06,03:14,Campinas,4
2024-04-04,03:44,São José do Rio Preto,1
2024-04-05,15:15,Ribeirão Preto,5
2024-04-06,03:47,Sorocaba,5
2024-04-02,10:16,Ribeirão Preto,4
2024-04-03,04:58,Sorocaba,3
2024-04-03,11:55,São Paulo,1
2024-04-07,02:55,Ribeirão Preto,1
2024-04-01,04:36,Ribeirão Preto,2
2024-04-03,04:42,São José do Rio Preto,5
2024-04-05,03:14,Ribeirão Preto,5
2024-04-02,15:34,Ribeirão Preto,2
2024-04-07,01:07,Sorocaba,4
2024-04-03,04:34,Sorocaba,4
2024-04-05,03:35,Sorocaba,1
2024-04-05,04:26,Ribeirão Preto,4
2024-04-04,03:13,São José do Rio Preto,3
2024-04-04,03:54,Ribeirão Preto,3
2024-04-03,16:22,Sorocaba,3
2024-04-05,11:19,São José do Rio Preto,2
2024-04-01,04:56,Campinas,3
2024-04-04,02:05,Ribeirão Preto,2
2024-04-05,03:23,Ribeirão Preto,1
2024-04-04,03:22,Sorocaba,1
2024-04-02,01:35,Ribeirão Preto,3
2024-04-07,04:11,Campinas,2
2024-04-05,02:01,Ribeirão Preto,3
2024-04-05,03:26,Ribeirão Preto,4
2024-04-06,01:31,Sorocaba,2
2024-04-02,04:28,Ribeirão Preto,2
2024-04-06,01:49,São Paulo,2
2024-04-04,02:45,São José do Rio Preto,2
2024-04-02,01:39,Ribeirão Preto,4
2024-04-07,06:39,Ribeirão Preto,3
2024-04-03,20:43,São José do Rio Preto,1
2024-04-01,19:32,Ribeirão Preto,5
2024-04-04,11:28,Ribeirão Preto,5
2024-04-07,20:32,Campinas,2
2024-04-05,01:35,São José do Rio Preto,2
2024-04-03,12:16,São Paulo,1
2024-04-04,01:09,Campinas,5
2024-04-07,15:00,Sorocaba,2
2024-04-07,16:57,Ribeirão Preto,4
2024-04-01,03:42,Campinas,5
2024-04-05,08:52,Campinas,4
2024-04-02,02:16,São José do Rio Preto,1
2024-04-01,09:41,Ribeirão Preto,1
2024-04-06,23:27,Ribeirão Preto,5
2024-04-04,09:37,Sorocaba,3
2024-04-05,23:35,Ribeirão Preto,5
2024-04-04,03:57,Ribeirão Preto,4
2024-04-01,08:44,Campinas,3
2024-04-07,14:26,Ribeirão Preto,4
2024-04-05,11:42,Ribeirão Preto,4
2024-04-07,17:36,São Paulo,4
2024-04-01,03:45,Ribeirão Preto,2
2024-04-04,12:24,Campinas,3
2024-04-06,09:33,São José do Rio Preto,2
2024-04-05,01:02,Campinas,2
2024-04-07,03:28,Ribeirão Preto,4
2024-04-07,04:34,Ribeirão Preto,1
2024-04-07,11:42,Ribeirão Preto,5
2024-04-07,02:40,Ribeirão Preto,1
2024-04-05,08:50,São Paulo,4
2024-04-07,01:09,São José do Rio Preto,5
2024-04-07,01:52,Campinas,5
2024-04-05,14:37,Sorocaba,4
2024-04-04,14:53,Campinas,2
2024-04-03,04:37,Campinas,5
2024-04-06,04:00,Ribeirão Preto,5
2024-04-04,08:53,Ribeirão Preto,5
2024-04-02,15:00,São José do Rio Preto,5
2024-04-03,02:31,Sorocaba,3
2024-04-04,18:21,São José do Rio Preto,2
2024-04-02,21:57,Ribeirão Preto,3
2024-04-07,03:53,Campinas,3
2024-04-01,04:18,Ribeirão Preto,4
2024-04-02,02:34,Sorocaba,2
2024-04-06,01:05,São Paulo,1
2024-04-05,03:33,Sorocaba,2
2024-04-06,04:14,Ribeirão Preto,1
2024-04-03,23:43,Ribeirão Preto,5
2024-04-04,04:52,Ribeirão Preto,1
2024-04-07,03:41,Sorocaba,1
2024-04-06,15:50,São Paulo,1
2024-04-04,05:52,Ribeirão Preto,5
2024-04-05,03:44,Ribeirão Preto,5
2024-04-03,03:02,Ribeirão Preto,3
2024-04-03,01:49,São José do Rio Preto,1
2024-04-06,12:51,São Paulo,2
2024-04-05,08:36,Sorocaba,4
2024-04-03,03:21,Ribeirão Preto,3
2024-04-05,10:44,Ribeirão Preto,1
2024-04-02,01:28,Ribeirão Preto,3
2024-04-06,13:13,Ribeirão Preto,1
2024-04-07,04:29,Ribeirão Preto,1
2024-04-05,10:14,Campinas,3
2024-04-04,02:49,Ribeirão Preto,1
2024-04-01,02:28,Campinas,1
2024-04-02,18:13,Ribeirão Preto,4
2024-04-06,09:50,Ribeirão Preto,2
2024-04-06,01:02,Ribeirão Preto,5
2024-04-06,02:21,São Paulo,4
2024-04-04,03:32,Campinas,5
2024-04-02,02:22,Sorocaba,5
2024-04-04,15:55,Ribeirão Preto,2
2024-04-07,06:06,Sorocaba,4
2024-04-03,04:19,São Paulo,1
2024-04-05,02:06,Sorocaba,2
2024-04-04,19:16,São Paulo,1
2024-04-04,04:31,Ribeirão Preto,1
2024-04-07,21:14,São José do Rio Preto,1
2024-04-03,10:12,São Paulo,1
2024-04-07,03:55,Ribeirão Preto,4
2024-04-01,14:57,Ribeirão Preto,5
2024-04-07,05:46,Sorocaba,5
2024-04-01,18:57,Ribeirão Preto,4
2024-04-05,22:02,Sorocaba,5
2024-04-03,16:24,Ribeirão Preto,2
2024-04-07,04:48,Ribeirão Preto,1
2024-04-07,22:31,Ribeirão Preto,1
2024-04-02,02:15,Campinas,1
2024-04-04,01:53,Ribeirão Preto,3
2024-04-05,02:00,Ribeirão Preto,2
2024-04-01,03:55,Campinas,3
2024-04-02,08:45,Ribeirão Preto,4
2024-04-06,17:02,Ribeirão Preto,3
2024-04-03,03:19,São Paulo,5
2024-04-06,10:27,São José do Rio Preto,5
2024-04-04,20:21,Sorocaba,2
2024-04-06,02:35,São Paulo,3
2024-04-06,04:55,São José do Rio Preto,3
2024-04-04,01:40,São José do Rio Preto,1
2024-04-01,10:52,São Paulo,2
2024-04-06,01:00,Campinas,1
2024-04-07,16:55,Ribeirão Preto,2
2024-04-01,20:13,São José do Rio Preto,2
2024-04-05,04:44,Sorocaba,3
2024-04-06,18:14,Campinas,1
2024-04-06,01:31,São Paulo,4
2024-04-04,22:17,Ribeirão Preto,1
2024-04-04,12:47,São Paulo,4
2024-04-06,02:37,Campinas,5
2024-04-06,01:21,Ribeirão Preto,2
2024-04-07,17:15,Ribeirão Preto,1
2024-04-04,01:10,Ribeirão Preto,2
2024-04-04,02:06,São José do Rio Preto,1
2024-04-02,20:59,Campinas,5
2024-04-03,06:08,Ribeirão Preto,1
2024-04-02,01:00,Ribeirão Preto,5
2024-04-06,01:41,Ribeirão Preto,2
2024-04-03,11:59,Ribeirão Preto,3
2024-04-02,08:07,Sorocaba,4
2024-04-05,01:10,Ribeirão Preto,2
2024-04-03,03:04,Sorocaba,3
2024-04-04,01:28,São Paulo,2
2024-04-03,04:05,Campinas,2
2024-04-04,01:55,Ribeirão Preto,1
2024-04-05,02:55,São José do Rio Preto,5
2024-04-07,04:11,Ribeirão Preto,5
2024-04-06,09:42,Ribeirão Preto,1
2024-04-07,08:38,Ribeirão Preto,1
2024-04-03,18:06,Campinas,2
2024-04-01,02:43,Ribeirão Preto,5
2024-04-04,04:11,São Paulo,2
2024-04-03,03:32,Ribeirão Preto,3
2024-04-02,04:55,Ribeirão Preto,3
2024-04-07,21:18,Ribeirão Preto,1
2024-04-03,01:52,São José do Rio Preto,5
2024-04-04,04:35,Campinas,3
2024-04-01,23:57,Campinas,5
2024-04-01,04:18,Ribeirão Preto,5
2024-04-07,01:57,São José do Rio Preto,4
2024-04-02,01:20,Ribeirão Preto,3
2024-04-05,10:18,São José do Rio Preto,3
2024-04-01,02:56,Ribeirão Preto,2
2024-04-06,03:42,Sorocaba,2
2024-04-05,01:08,São José do Rio Preto,5
2024-04-04,02:44,Ribeirão Preto,1
2024-04-03,02:21,Ribeirão Preto,2
2024-04-05,02:18,Ribeirão Preto,2
2024-04-06,11:36,Sorocaba,5
2024-04-04,01:10,Campinas,3
2024-04-04,01:55,Sorocaba,2
2024-04-07,01:24,Ribeirão Preto,1
2024-04-04,02:34,Ribeirão Preto,5
2024-04-06,19:04,São Paulo,3
2024-04-02,15:44,Sorocaba,4
2024-04-06,01:30,Campinas,1
2024-04-02,07:13,São José do Rio Preto,3
2024-04-05,02:12,São Paulo,5
2024-04-04,14:33,Ribeirão Preto,4
2024-04-05,01:33,Ribeirão Preto,1
2024-04-01,16:17,Ribeirão Preto,2
2024-04-05,12:59,Ribeirão Preto,2
2024-04-03,18:05,Ribeirão Preto,1
2024-04-04,04:50,São Paulo,2
2024-04-05,07:41,São José do Rio Preto,5
2024-04-02,03:20,São Paulo,1
2024-04-03,03:39,São José do Rio Preto,1
2024-04-05,04:04,Ribeirão Preto,2
2024-04-05,09:01,Campinas,1
2024-04-07,01:05,Ribeirão Preto,4
2024-04-05,13:49,Ribeirão Preto,1
2024-04-06,04:07,Ribeirão Preto,2
2024-04-06,03:01,São Paulo,2
2024-04-06,04:22,São José do Rio Preto,2
2024-04-02,21:19,Ribeirão Preto,2
2024-04-05,15:03,Ribeirão Preto,5
2024-04-06,10:14,Ribeirão Preto,2
2024-04-01,01:29,Campinas,4
2024-04-01,20:55,Campinas,1
2024-04-01,18:19,São Paulo,3
2024-04-05,03:23,Sorocaba,3
2024-04-03,04:08,Campinas,5
2024-04-07,04:55,Ribeirão Preto,3
2024-04-07,01:51,Campinas,2
2024-04-02,18:20,Campinas,3
2024-04-01,15:37,Campinas,4
2024-04-01,04:40,Sorocaba,2
2024-04-06,16:12,Campinas,3
2024-04-03,05:04,São Paulo,2
2024-04-01,04:45,São Paulo,5
2024-04-02,01:13,Ribeirão Preto,4
2024-04-03,01:49,São José do Rio Preto,1
2024-04-04,12:06,São José do Rio Preto,2
2024-04-02,01:05,Campinas,4
2024-04-02,03:58,São Paulo,5
2024-04-05,04:11,Sorocaba,5
2024-04-04,15:45,Ribeirão Preto,4
2024-04-04,08:50,Sorocaba,3
2024-04-07,03:15,Campinas,4
2024-04-03,09:55,Ribeirão Preto,3
2024-04-01,04:50,São Paulo,3
2024-04-04,14:31,Sorocaba,4
2024-04-03,17:41,Campinas,5
2024-04-04,04:10,Campinas,1
2024-04-06,01:03,Ribeirão Preto,1
2024-04-02,02:56,Campinas,4
2024-04-06,03:28,São Paulo,2
2024-04-04,03:51,São Paulo,4
2024-04-01,04:33,São José do Rio Preto,1
2024-04-03,04:08,Ribeirão Preto,4
2024-04-01,15:09,Ribeirão Preto,5
2024-04-05,20:07,São José do Rio Preto,1
2024-04-01,06:35,Sorocaba,1
2024-04-01,02:31,Ribeirão Preto,1
2024-04-03,17:44,Ribeirão Preto,5
2024-04-06,04:58,Sorocaba,1
2024-04-02,04:05,Campinas,2
2024-04-06,21:05,Ribeirão Preto,1
2024-04-04,20:26,São Paulo,4
2024-04-04,17:01,Campinas,2
2024-04-07,03:08,Campinas,3
2024-04-03,03:37,Ribeirão Preto,1
2024-04-03,02:04,Sorocaba,3
2024-04-06,04:33,Ribeirão Preto,3
2024-04-07,23:13,Ribeirão Preto,5
2024-04-02,01:09,Ribeirão Preto,4
2024-04-02,03:46,Ribeirão Preto,4
2024-04-05,11:48,Ribeirão Preto,3
2024-04-04,06:06,Ribeirão Preto,5
2024-04-04,12:19,Campinas,2
2024-04-07,01:10,Ribeirão Preto,1
2024-04-05,01:12,São Paulo,2
2024-04-03,09:54,Ribeirão Preto,1
2024-04-07,09:52,Sorocaba,3
2024-04-04,02:16,Campinas,5
2024-04-01,03:36,Campinas,5
2024-04-03,02:43,São José do Rio Preto,4
2024-04-07,19:35,Sorocaba,4
2024-04-03,03:32,Ribeirão Preto,2
2024-04-02,21:09,Campinas,4
2024-04-06,02:33,Ribeirão Preto,1
2024-04-07,12:44,Ribeirão Preto,5
2024-04-05,18:12,Sorocaba,5
2024-04-06,13:24,Campinas,3
2024-04-06,03:43,Ribeirão Preto,3
2024-04-03,14:32,São José do Rio Preto,2
2024-04-02,04:09,Ribeirão Preto,3
2024-04-01,03:51,São Paulo,1
2024-04-01,04:23,Sorocaba,4
2024-04-04,02:04,Ribeirão Preto,4
2024-04-05,09:09,Campinas,2
2024-04-05,23:38,Ribeirão Preto,4
2024-04-02,21:46,Sorocaba,5
2024-04-04,17:26,Campinas,4
2024-04-06,03:49,Campinas,3
2024-04-05,02:51,Campinas,5
2024-04-04,04:35,São José do Rio Preto,3
2024-04-02,05:32,Campinas,3
2024-04-04,14:27,Campinas,2
2024-04-07,22:39,São Paulo,2
2024-04-03,09:42,São José do Rio Preto,5
2024-04-03,02:02,Campinas,4
2024-04-03,19:30,Ribeirão Preto,1
2024-04-03,17:59,São Paulo,4
2024-04-01,20:28,Sorocaba,5
2024-04-06,04:43,Sorocaba,1
2024-04-01,18:44,São Paulo,3
2024-04-05,03:51,Campinas,3
2024-04-01,03:49,Campinas,1
2024-04-06,04:43,Ribeirão Preto,3
2024-04-07,09:41,Sorocaba,4
2024-04-04,16:20,São Paulo,2
2024-04-04,05:31,Ribeirão Preto,4
2024-04-01,19:27,Campinas,3
2024-04-04,14:20,Ribeirão Preto,2
2024-04-06,12:46,São Paulo,4
2024-04-05,21:34,Campinas,3
2024-04-02,03:29,Campinas,4
2024-04-01,01:55,Ribeirão Preto,3
2024-04-03,03:46,Campinas,5
2024-04-04,05:16,Sorocaba,1
2024-04-04,03:28,Sorocaba,3
2024-04-02,03:47,Sorocaba,4
2024-04-05,01:01,São José do Rio Preto,3
2024-04-07,03:32,São José do Rio Preto,3
2024-04-04,15:53,Campinas,4
2024-04-03,04:03,Ribeirão Preto,4
2024-04-02,19:57,Ribeirão Preto,2
2024-04-07,05:48,Ribeirão Preto,3
2024-04-04,01:38,São José do Rio Preto,5
2024-04-06,04:24,Ribeirão Preto,1
2024-04-06,07:04,Ribeirão Preto,3
2024-04-03,04:54,Ribeirão Preto,4
2024-04-07,03:03,São José do Rio Preto,2
2024-04-06,04:51,Ribeirão Preto,3
2024-04-04,22:51,Ribeirão Preto,5
2024-04-03,08:28,Campinas,4
2024-04-06,13:36,Sorocaba,5
2024-04-07,15:07,São José do Rio Preto,5
2024-04-02,04:19,Sorocaba,1
2024-04-07,04:54,Ribeirão Preto,1
2024-04-07,04:40,Ribeirão Preto,3
2024-04-05,03:05,Ribeirão Preto,1
2024-04-01,23:35,São José do Rio Preto,3
2024-04-06,08:31,Campinas,3
2024-04-01,03:04,Ribeirão Preto,4
2024-04-05,01:39,Ribeirão Preto,4
2024-04-04,03:19,Ribeirão Preto,2
2024-04-02,03:44,Ribeirão Preto,1
2024-04-03,04:03,Ribeirão Preto,2
2024-04-07,02:38,Campinas,5
2024-04-02,03:21,Campinas,3
2024-04-05,16:32,Sorocaba,3
2024-04-04,23:30,São José do Rio Preto,4
2024-04-04,19:40,Campinas,5
2024-04-07,21:28,São Paulo,3
2024-04-05,02:04,Ribeirão Preto,3
2024-04-02,02:09,Ribeirão Preto,5
2024-04-01,13:10,Campinas,5
2024-04-02,20:49,Ribeirão Preto,3
2024-04-06,07:36,Ribeirão Preto,5
2024-04-04,03:55,Campinas,1
2024-04-04,04:21,São José do Rio Preto,5
2024-04-07,03:23,Ribeirão Preto,2
2024-04-06,05:20,Ribeirão Preto,2
2024-04-07,02:35,Ribeirão Preto,3
2024-04-06,01:57,Ribeirão Preto,3
2024-04-07,02:50,Sorocaba,4
2024-04-05,04:15,Ribeirão Preto,5
2024-04-02,02:01,Campinas,2
2024-04-01,03:14,Campinas,4
2024-04-02,10:40,São Paulo,3
2024-04-06,04:48,Ribeirão Preto,1
2024-04-04,23:25,Ribeirão Preto,5
2024-04-02,09:29,Ribeirão Preto,4
2024-04-04,13:01,São José do Rio Preto,1
2024-04-04,01:53,Ribeirão Preto,3
2024-04-03,19:28,Ribeirão Preto,2
2024-04-07,12:05,Campinas,4
2024-04-01,08:59,Ribeirão Preto,4
2024-04-05,17:00,Ribeirão Preto,3
2024-04-06,08:39,Ribeirão Preto,3
2024-04-01,07:10,Ribeirão Preto,2
2024-04-02,05:51,Campinas,2
2024-04-06,10:22,São Paulo,2
2024-04-06,02:25,Sorocaba,1
2024-04-03,10:30,Sorocaba,1
2024-04-04,01:14,São José do Rio Preto,3
2024-04-01,02:08,São José do Rio Preto,4
2024-04-04,09:33,Campinas,1
2024-04-04,03:38,Ribeirão Preto,3
2024-04-03,02:16,Sorocaba,1
2024-04-06,02:34,São José do Rio Preto,2
2024-04-06,02:35,São Paulo,3
2024-04-07,11:02,Ribeirão Preto,2
2024-04-01,02:39,Campinas,5
2024-04-03,22:10,Sorocaba,4
2024-04-07,01:27,Ribeirão Preto,2
2024-04-04,04:47,Sorocaba,4
2024-04-01,04:27,Ribeirão Preto,3
2024-04-06,18:45,Ribeirão Preto,5
2024-04-04,18:54,Campinas,4
2024-04-04,04:18,Ribeirão Preto,1
2024-04-01,23:54,São José do Rio Preto,3
2024-04-05,13:01,São Paulo,5
2024-04-03,19:31,Ribeirão Preto,1
2024-04-02,20:43,Sorocaba,1
2024-04-06,11:10,Ribeirão Preto,5
2024-04-04,03:15,São José do Rio Preto,2
2024-04-06,03:10,Ribeirão Preto,5
2024-04-03,04:02,Sorocaba,5
2024-04-03,10:54,Sorocaba,5
2024-04-01,11:41,São Paulo,4
2024-04-01,09:28,Ribeirão Preto,2
2024-04-07,02:04,Campinas,3
2024-04-01,02:27,Ribeirão Preto,1
2024-04-03,03:30,Ribeirão Preto,4
2024-04-01,10:12,São José do Rio Preto,2
2024-04-02,18:24,Campinas,5
2024-04-03,19:55,Campinas,4
2024-04-01,01:05,Campinas,4
2024-04-07,03:59,Ribeirão Preto,1
2024-04-04,03:51,São José do Rio Preto,3
2024-04-03,03:02,Ribeirão Preto,2
2024-04-05,01:21,São Paulo,2
2024-04-05,02:40,Campinas,2
2024-04-03,03:52,Campinas,5
2024-04-03,03:59,Ribeirão Preto,5
2024-04-05,04:38,Campinas,4
2024-04-04,01:54,Sorocaba,3
2024-04-04,10:31,Campinas,1
2024-04-04,20:29,São José do Rio Preto,1
2024-04-02,19:06,Ribeirão Preto,3
2024-04-06,04:24,Sorocaba,2
2024-04-06,23:01,São José do Rio Preto,3
2024-04-07,18:07,São José do Rio Preto,1
2024-04-02,04:49,Sorocaba,5
2024-04-07,17:58,Campinas,3
2024-04-04,22:32,São Paulo,4
2024-04-05,13:27,Ribeirão Preto,5
2024-04-02,06:09,Sorocaba,4
2024-04-01,19:37,Campinas,4
2024-04-06,04:17,São José do Rio Preto,3
2024-04-02,02:12,Ribeirão Preto,4
2024-04-05,19:20,Campinas,2
2024-04-05,02:32,Campinas,3
2024-04-03,02:22,São Paulo,1
2024-04-05,01:00,Campinas,2
2024-04-07,03:43,Ribeirão Preto,5
2024-04-04,04:59,Campinas,3
2024-04-07,02:39,Ribeirão Preto,1
2024-04-05,23:59,Ribeirão Preto,1
2024-04-02,03:20,Sorocaba,3
2024-04-02,04:04,Ribeirão Preto,2
2024-04-02,03:34,Ribeirão Preto,1
2024-04-05,01:17,São José do Rio Preto,3
2024-04-04,11:37,Campinas,3
2024-04-06,02:35,Campinas,4
2024-04-04,21:46,Sorocaba,3
2024-04-03,01:28,São Paulo,1
2024-04-01,14:25,Campinas,4
2024-04-04,04:59,Ribeirão Preto,1
2024-04-07,07:35,Ribeirão Preto,2
2024-04-06,19:37,Ribeirão Preto,2
2024-04-06,03:49,São Paulo,1
2024-04-02,06:17,Ribeirão Preto,5
2024-04-03,21:28,Sorocaba,5
2024-04-06,01:57,Ribeirão Preto,5
2024-04-04,04:30,Ribeirão Preto,1
2024-04-04,15:41,Campinas,3
2024-04-07,03:12,Ribeirão Preto,4
2024-04-01,04:51,Campinas,3
2024-04-01,13:53,Ribeirão Preto,1
2024-04-01,11:49,Ribeirão Preto,3
2024-04-04,02:29,Ribeirão Preto,2
2024-04-06,04:06,Sorocaba,4
2024-04-07,02:58,São Paulo,1
2024-04-04,15:39,Ribeirão Preto,4
2024-04-02,19:56,Ribeirão Preto,5
2024-04-05,03:05,Ribeirão Preto,5
2024-04-01,12:01,São Paulo,2
2024-04-02,01:53,Campinas,1
2024-04-02,02:07,Sorocaba,5
2024-04-06,21:09,Ribeirão Preto,4
2024-04-03,04:48,Ribeirão Preto,4
2024-04-02,03:58,São José do Rio Preto,2
2024-04-01,02:53,São Paulo,5
2024-04-05,03:43,São José do Rio Preto,3
2024-04-07,15:42,São Paulo,5
2024-04-02,16:48,Ribeirão Preto,2
2024-04-07,03:47,Ribeirão Preto,5
2024-04-04,05:21,Ribeirão Preto,1
2024-04-04,01:09,São Paulo,2
2024-04-02,04:51,Ribeirão Preto,3
2024-04-01,08:34,Campinas,4
2024-04-06,07:18,Campinas,5
2024-04-06,02:03,Campinas,4
2024-04-05,02:18,Ribeirão Preto,2
2024-04-05,04:40,Ribeirão Preto,4
2024-04-01,03:19,São Paulo,1
2024-04-04,02:48,Campinas,2
2024-04-04,18:03,São Paulo,2
2024-04-06,01:48,Ribeirão Preto,5
2024-04-07,22:57,Ribeirão Preto,2
2024-04-06,20:25,Ribeirão Preto,1
2024-04-03,19:02,São José do Rio Preto,5
2024-04-02,09:51,Ribeirão Preto,1
2024-04-06,17:29,Sorocaba,3
2024-04-02,22:35,Ribeirão Preto,5
2024-04-06,09:40,Ribeirão Preto,2
2024-04-07,08:05,Ribeirão Preto,2
2024-04-04,01:50,Campinas,2
2024-04-02,13:38,Ribeirão Preto,3
2024-04-01,06:26,São José do Rio Preto,1
2024-04-05,18:15,Campinas,2
2024-04-06,03:46,Ribeirão Preto,4
2024-04-03,02:15,Ribeirão Preto,2
2024-04-01,04:45,Ribeirão Preto,5
2024-04-01,13:35,Ribeirão Preto,5
2024-04-01,03:54,Campinas,4
2024-04-02,01:33,Ribeirão Preto,3
2024-04-05,13:38,Ribeirão Preto,5
2024-04-07,04:23,Ribeirão Preto,3
2024-04-07,08:59,Ribeirão Preto,3
2024-04-03,02:38,Ribeirão Preto,4
2024-04-04,04:05,Ribeirão Preto,5
2024-04-01,02:19,Campinas,2
2024-04-01,04:08,Campinas,3
2024-04-07,01:48,Ribeirão Preto,3
2024-04-01,04:20,Ribeirão Preto,5
2024-04-04,04:10,São Paulo,5
2024-04-07,04:47,Campinas,4
2024-04-06,13:29,Sorocaba,1
2024-04-02,02:00,Campinas,1
2024-04-02,14:26,São José do Rio Preto,1
2024-04-05,06:57,São José do Rio Preto,3
2024-04-02,13:58,Ribeirão Preto,4
2024-04-02,22:47,Ribeirão Preto,1
2024-04-03,10:48,Ribeirão Preto,5
2024-04-03,01:05,Campinas,3
2024-04-07,04:53,Ribeirão Preto,3
2024-04-02,01:42,Sorocaba,5
2024-04-03,02:06,Sorocaba,4
2024-04-06,12:47,Sorocaba,4
2024-04-05,20:57,São José do Rio Preto,1
2024-04-02,02:56,Campinas,5
2024-04-03,11:21,Ribeirão Preto,2
2024-04-04,04:33,Ribeirão Preto,4
2024-04-03,04:19,Sorocaba,1
2024-04-03,11:44,Campinas,3
2024-04-07,21:44,Ribeirão Preto,4
2024-04-04,03:14,Ribeirão Preto,2
2024-04-05,13:46,Ribeirão Preto,3
2024-04-04,04:08,São Paulo,3
2024-04-05,04:17,São José do Rio Preto,5
2024-04-06,03:45,Ribeirão Preto,5
2024-04-07,21:54,Ribeirão Preto,4
2024-04-04,20:45,Campinas,2
2024-04-05,06:35,Ribeirão Preto,5
2024-04-05,02:45,São José do Rio Preto,1
2024-04-01,04:41,Campinas,3
2024-04-07,07:29,São José do Rio Preto,1
2024-04-01,11:10,Ribeirão Preto,3
2024-04-03,04:53,São José do Rio Preto,1
2024-04-04,10:32,Ribeirão Preto,3
2024-04-05,04:58,Ribeirão Preto,5
2024-04-01,11:45,Ribeirão Preto,1
2024-04-03,14:39,Campinas,4
2024-04-03,04:05,Ribeirão Preto,4
2024-04-03,04:42,Ribeirão Preto,2
2024-04-01,02:45,São Paulo,2
2024-04-06,04:38,São José do Rio Preto,2
2024-04-02,22:21,Sorocaba,1
2024-04-07,02:38,São José do Rio Preto,3
2024-04-07,01:52,Ribeirão Preto,2
2024-04-06,04:18,Ribeirão Preto,5
2024-04-06,02:21,Campinas,4
2024-04-03,04:30,Ribeirão Preto,4
2024-04-07,01:41,Ribeirão Preto,5
2024-04-07,19:24,Sorocaba,4
2024-04-02,03:53,Ribeirão Preto,1
2024-04-02,04:40,Ribeirão Preto,5
2024-04-02,04:49,Ribeirão Preto,1
2024-04-03,03:58,Ribeirão Preto,4
2024-04-05,17:48,São Paulo,5
2024-04-02,02:29,Ribeirão Preto,5
2024-04-01,01:44,Sorocaba,5
2024-04-01,19:03,Sorocaba,4
2024-04-02,02:52,Ribeirão Preto,4
2024-04-02,03:25,São José do Rio Preto,4
2024-04-02,03:06,Sorocaba,2
2024-04-07,03:39,Ribeirão Preto,2
2024-04-01,03:47,Ribeirão Preto,3
2024-04-04,10:11,Ribeirão Preto,5
2024-04-05,02:00,Campinas,4
2024-04-04,02:05,Ribeirão Preto,5
2024-04-01,11:00,Ribeirão Preto,1
2024-04-01,02:07,Campinas,1
2024-04-03,01:43,São José do Rio Preto,4
2024-04-04,18:47,Campinas,2
2024-04-02,18:32,Campinas,3
2024-04-06,02:03,Ribeirão Preto,2
2024-04-07,09:50,Ribeirão Preto,5
2024-04-02,03:49,Campinas,2
2024-04-01,02:39,Campinas,4
2024-04-03,19:05,Campinas,2
2024-04-04,02:44,Ribeirão Preto,1
2024-04-03,10:59,Campinas,4
2024-04-05,23:51,Ribeirão Preto,4
2024-04-03,05:02,São Paulo,4
2024-04-05,16:14,São Paulo,2
2024-04-07,01:05,Ribeirão Preto,1
2024-04-04,02:05,Ribeirão Preto,2
2024-04-02,01:36,Ribeirão Preto,5
2024-04-05,04:50,São Paulo,3
2024-04-02,14:26,Campinas,3
2024-04-07,04:41,Sorocaba,3
2024-04-07,03:40,Ribeirão Preto,5
2024-04-03,04:45,São José do Rio Preto,5
2024-04-03,04:53,Ribeirão Preto,5
2024-04-07,23:04,Ribeirão Preto,1
2024-04-04,21:58,Sorocaba,4
2024-04-02,11:38,São José do Rio Preto,5
2024-04-04,22:16,Ribeirão Preto,3
2024-04-05,13:22,Campinas,3
2024-04-03,03:16,Ribeirão Preto,2
2024-04-03,07:40,Ribeirão Preto,4
2024-04-03,04:53,São José do Rio Preto,5
2024-04-06,08:22,Ribeirão Preto,4
2024-04-03,04:38,São Paulo,5
2024-04-07,04:32,Ribeirão Preto,3
2024-04-03,03:01,São Paulo,4
2024-04-05,04:09,Ribeirão Preto,4
2024-04-05,20:18,Ribeirão Preto,5
2024-04-07,08:39,Campinas,5
2024-04-04,01:08,São José do Rio Preto,4
2024-04-01,21:14,Ribeirão Preto,5
2024-04-03,03:42,Sorocaba,4
2024-04-03,11:23,Ribeirão Preto,2
2024-04-01,21:11,Sorocaba,4
2024-04-04,18:21,Ribeirão Preto,1
2024-04-05,01:17,São José do Rio Preto,4
2024-04-03,02:01,Ribeirão Preto,2
2024-04-04,02:59,Campinas,2
2024-04-01,03:14,São Paulo,3
2024-04-05,12:41,São José do Rio Preto,3
2024-04-05,15:38,Ribeirão Preto,1
2024-04-04,04:08,Campinas,5
2024-04-02,02:21,Ribeirão Preto,5
2024-04-02,16:16,Campinas,2
2024-04-06,21:13,Sorocaba,2
2024-04-06,03:30,Ribeirão Preto,3
2024-04-02,15:40,Campinas,2
2024-04-07,10:06,São Paulo,4
2024-04-01,09:46,Ribeirão Preto,4
2024-04-02,21:34,São José do Rio Preto,1
2024-04-04,01:33,Ribeirão Preto,4
2024-04-05,01:02,Sorocaba,1
2024-04-04,21:01,Ribeirão Preto,3
2024-04-04,03:44,Ribeirão Preto,4
2024-04-03,03:26,Sorocaba,1
2024-04-01,16:57,Ribeirão Preto,5
2024-04-05,19:44,Campinas,1
2024-04-03,11:01,Campinas,4
2024-04-07,05:51,Ribeirão Preto,1
2024-04-01,04:53,Ribeirão Preto,3
2024-04-05,01:50,Ribeirão Preto,2
2024-04-03,18:40,Ribeirão Preto,5
2024-04-06,11:04,Ribeirão Preto,3
2024-04-02,17:20,Ribeirão Preto,5
2024-04-04,03:06,Ribeirão Preto,5
2024-04-06,03:24,Sorocaba,1
2024-04-02,04:44,São José do Rio Preto,2
2024-04-05,04:00,Ribeirão Preto,1
2024-04-06,10:08,Campinas,1
2024-04-06,02:01,Campinas,4
2024-04-03,19:02,Campinas,1
2024-04-03,03:43,Ribeirão Preto,2
2024-04-03,01:36,Ribeirão Preto,3
2024-04-04,02:57,Ribeirão Preto,1
2024-04-03,12:43,Ribeirão Preto,2
2024-04-01,03:03,São Paulo,1
2024-04-01,10:20,Ribeirão Preto,5
2024-04-01,13:25,Campinas,1
2024-04-06,02:52,Campinas,4
2024-04-02,09:43,Sorocaba,5
2024-04-05,04:36,Campinas,2
2024-04-02,04:13,Ribeirão Preto,1
2024-04-06,04:45,Ribeirão Preto,5
2024-04-02,16:09,Ribeirão Preto,5
2024-04-04,04:25,São Paulo,3
2024-04-06,01:09,São Paulo,5
2024-04-02,03:36,Ribeirão Preto,2
2024-04-04,21:58,São José do Rio Preto,1
2024-04-07,19:17,São José do Rio Preto,5
2024-04-01,11:26,São José do Rio Preto,2
2024-04-01,03:16,Ribeirão Preto,3
2024-04-02,04:09,Campinas,1
2024-04-02,02:10,São Paulo,4
2024-04-07,09:46,Ribeirão Preto,5
2024-04-01,01:23,Campinas,5
2024-04-07,01:18,Ribeirão Preto,3
2024-04-03,03:43,Ribeirão Preto,2
2024-04-01,02:15,Campinas,3
2024-04-07,11:22,Ribeirão Preto,2
2024-04-03,01:55,Ribeirão Preto,1
2024-04-01,04:58,Ribeirão Preto,5
2024-04-05,04:11,Ribeirão Preto,4
2024-04-04,03:53,Campinas,3
2024-04-04,16:53,Sorocaba,4
2024-04-05,01:58,São José do Rio Preto,4
2024-04-03,01:18,Ribeirão Preto,5
2024-04-02,16:24,Ribeirão Preto,5
2024-04-02,17:02,Ribeirão Preto,4
2024-04-04,02:12,São José do Rio Preto,1
2024-04-02,02:20,Campinas,4
2024-04-03,09:21,Sorocaba,2
2024-04-07,01:46,Ribeirão Preto,2
2024-04-02,04:28,Sorocaba,2
2024-04-01,03:48,São José do Rio Preto,2
2024-04-05,03:42,Ribeirão Preto,3
2024-04-04,19:24,Campinas,1
2024-04-07,21:22,Sorocaba,3
2024-04-02,03:58,Sorocaba,3
2024-04-07,07:11,Ribeirão Preto,2
2024-04-03,20:48,Sorocaba,1
2024-04-02,16:53,Ribeirão Preto,1
2024-04-07,22:22,São José do Rio Preto,4
2024-04-05,04:04,Ribeirão Preto,3
2024-04-01,22:28,Ribeirão Preto,1
2024-04-06,04:04,Ribeirão Preto,5
2024-04-04,16:38,São Paulo,3
2024-04-04,06:34,Ribeirão Preto,1
2024-04-03,15:34,Sorocaba,5
2024-04-01,03:16,Campinas,5
2024-04-02,04:29,Ribeirão Preto,5
2024-04-02,09:55,Ribeirão Preto,2
2024-04-06,08:01,Ribeirão Preto,4
2024-04-07,03:14,Ribeirão Preto,4
2024-04-06,23:50,Ribeirão Preto,1
2024-04-07,08:22,Sorocaba,1
2024-04-06,02:41,São Paulo,4
2024-04-03,02:25,Ribeirão Preto,5
2024-04-01,23:10,São Paulo,1
2024-04-03,02:23,Campinas,2
2024-04-05,09:08,Sorocaba,2
2024-04-05,03:13,Campinas,4
2024-04-02,14:23,Campinas,1
2024-04-05,01:06,Ribeirão Preto,1
2024-04-03,20:09,Sorocaba,5
2024-04-04,01:32,Ribeirão Preto,1
2024-04-05,09:32,Sorocaba,4
2024-04-07,21:45,São Paulo,1
2024-04-03,01:26,Ribeirão Preto,1
2024-04-04,23:07,Ribeirão Preto,2
2024-04-07,23:13,Sorocaba,4
2024-04-04,01:06,Ribeirão Preto,3
2024-04-06,06:17,Ribeirão Preto,4
2024-04-07,01:56,Ribeirão Preto,4
2024-04-06,04:25,Ribeirão Preto,3
2024-04-05,19:54,Ribeirão Preto,3
2024-04-01,11:40,Ribeirão Preto,2
2024-04-06,01:58,Campinas,5
2024-04-05,03:14,Ribeirão Preto,4
2024-04-05,08:32,Campinas,4
2024-04-01,20:10,Sorocaba,4
2024-04-05,02:18,São José do Rio Preto,4
2024-04-03,04:41,Ribeirão Preto,2
2024-04-01,22:17,São Paulo,4
2024-04-03,18:21,São Paulo,3
2024-04-04,01:57,Ribeirão Preto,3
2024-04-01,14:35,Ribeirão Preto,1
2024-04-04,08:17,Campinas,2
2024-04-06,04:17,Sorocaba,1
2024-04-02,01:21,Ribeirão Preto,4
2024-04-07,04:24,Campinas,2
2024-04-02,04:53,São Paulo,2
2024-04-03,01:51,Ribeirão Preto,5
2024-04-04,03:43,Campinas,5
2024-04-04,05:30,Ribeirão Preto,1
2024-04-01,08:08,Ribeirão Preto,1
2024-04-02,19:49,São José do Rio Preto,3
2024-04-03,04:37,Ribeirão Preto,3
2024-04-03,11:54,Ribeirão Preto,3
2024-04-01,03:18,Sorocaba,2
2024-04-01,19:51,Ribeirão Preto,4
2024-04-06,01:54,Ribeirão Preto,1
2024-04-03,15:24,Campinas,3
2024-04-01,02:14,Ribeirão Preto,2
2024-04-06,03:04,Ribeirão Preto,5
2024-04-04,02:10,Ribeirão Preto,4
2024-04-03,08:12,Campinas,5
2024-04-05,19:33,Ribeirão Preto,5
2024-04-02,23:07,Sorocaba,4
2024-04-02,09:24,São José do Rio Preto,2
2024-04-05,15:26,Campinas,5
2024-04-05,02:10,Ribeirão Preto,2
2024-04-07,01:17,São Paulo,5
2024-04-04,16:57,Campinas,3
2024-04-03,04:09,Ribeirão Preto,4
2024-04-01,10:32,Ribeirão Preto,1
2024-04-02,10:35,Campinas,4
2024-04-05,11:16,São Paulo,5
2024-04-07,02:48,Ribeirão Preto,5
2024-04-03,11:04,Ribeirão Preto,3
2024-04-01,20:22,Ribeirão Preto,3
2024-04-07,08:02,Ribeirão Preto,4
2024-04-02,01:38,Ribeirão Preto,1
2024-04-03,01:36,Sorocaba,4
2024-04-02,03:09,Ribeirão Preto,1
2024-04-04,02:26,Ribeirão Preto,2
2024-04-07,05:55,Ribeirão Preto,5
2024-04-02,01:06,São Paulo,2
2024-04-04,16:48,Ribeirão Preto,4
2024-04-04,03:28,São José do Rio Preto,1
2024-04-04,01:48,Ribeirão Preto,1
2024-04-01,02:38,Ribeirão Preto,2
2024-04-06,02:05,Ribeirão Preto,3
2024-04-01,03:08,Ribeirão Preto,3
2024-04-04,15:07,São José do Rio Preto,2
2024-04-03,12:13,Campinas,3
2024-04-06,18:53,Sorocaba,1
2024-04-06,20:37,Ribeirão Preto,4
2024-04-04,04:08,Campinas,3
2024-04-07,08:59,Ribeirão Preto,1
2024-04-03,01:51,Ribeirão Preto,4
2024-04-02,13:56,São Paulo,1
2024-04-01,08:10,Ribeirão Preto,5
2024-04-03,19:10,Campinas,4
2024-04-06,16:39,Ribeirão Preto,5
2024-04-03,02:34,Ribeirão Preto,3
2024-04-03,17:10,Ribeirão Preto,3
2024-04-05,20:35,Sorocaba,1
2024-04-01,05:54,Sorocaba,2
2024-04-05,01:02,Sorocaba,1
2024-04-02,04:44,Ribeirão Preto,5
2024-04-03,02:18,Ribeirão Preto,4
2024-04-01,05:07,Ribeirão Preto,2
2024-04-06,12:52,Ribeirão Preto,1
2024-04-01,04:27,Campinas,5
2024-04-01,22:52,Ribeirão Preto,5
2024-04-03,04:55,Ribeirão Preto,3
2024-04-06,01:53,Sorocaba,1
2024-04-04,07:52,Campinas,1
2024-04-07,10:00,Campinas,5
2024-04-04,02:52,Campinas,1
2024-04-04,01:39,São José do Rio Preto,3
2024-04-05,01:29,Campinas,2
2024-04-03,01:40,São José do Rio Preto,5
2024-04-02,03:37,São José do Rio Preto,3
2024-04-05,22:10,Sorocaba,3
2024-04-01,03:28,Sorocaba,4
2024-04-04,02:30,São José do Rio Preto,2
2024-04-01,03:09,Campinas,3
2024-04-05,23:34,Campinas,4
2024-04-06,04:39,Sorocaba,4
2024-04-04,16:28,Campinas,1
2024-04-03,04:36,São Paulo,3
2024-04-04,02:01,Campinas,5
2024-04-04,12:47,Ribeirão Preto,1
2024-04-06,12:00,Ribeirão Preto,2
2024-04-04,02:58,São Paulo,5
2024-04-05,19:31,Ribeirão Preto,5
2024-04-04,23:23,Ribeirão Preto,4
2024-04-06,17:01,São José do Rio Preto,3
2024-04-05,08:58,Campinas,4
2024-04-01,19:02,Campinas,4
2024-04-03,02:08,Ribeirão Preto,3
2024-04-04,17:48,São José do Rio Preto,3
2024-04-05,17:23,Ribeirão Preto,3
2024-04-04,02:11,São Paulo,4
2024-04-04,03:33,Campinas,3
2024-04-06,01:55,Ribeirão Preto,3
2024-04-04,01:33,Ribeirão Preto,5
2024-04-02,02:22,Sorocaba,4
2024-04-03,03:18,Ribeirão Preto,3
2024-04-03,02:51,Ribeirão Preto,4
2024-04-05,02:59,Ribeirão Preto,2
2024-04-01,05:31,Ribeirão Preto,1
2024-04-01,06:58,Ribeirão Preto,5
2024-04-01,01:48,Campinas,5
2024-04-04,04:27,Ribeirão Preto,4
2024-04-06,04:25,Ribeirão Preto,3
2024-04-05,16:48,Ribeirão Preto,4
2024-04-07,11:44,Campinas,1
2024-04-04,01:11,Ribeirão Preto,5
2024-04-06,04:42,São Paulo,5
2024-04-02,02:57,Campinas,1
2024-04-05,15:30,Sorocaba,4
2024-04-05,13:59,Ribeirão Preto,5
2024-04-06,18:10,Ribeirão Preto,3
2024-04-07,15:55,São José do Rio Preto,4
2024-04-05,07:39,Ribeirão Preto,3
2024-04-06,03:49,Ribeirão Preto,2
2024-04-02,07:03,Campinas,1
2024-04-05,21:17,São Paulo,5
2024-04-07,04:28,Ribeirão Preto,1
2024-04-06,13:46,Sorocaba,1
2024-04-06,01:55,Ribeirão Preto,3
2024-04-02,02:38,Campinas,5
2024-04-01,03:54,Ribeirão Preto,2
2024-04-06,03:57,Campinas,1
2024-04-06,01:46,São José do Rio Preto,3
2024-04-05,02:30,Ribeirão Preto,3
2024-04-04,08:50,São José do Rio Preto,5
2024-04-03,01:27,São Paulo,4
2024-04-02,15:26,São Paulo,4
2024-04-01,20:52,Ribeirão Preto,2
2024-04-07,01:29,Sorocaba,3
2024-04-01,04:48,Ribeirão Preto,4
2024-04-03,02:41,Sorocaba,1
2024-04-05,02:10,Campinas,2
2024-04-07,01:13,Ribeirão Preto,1
2024-04-04,19:03,Ribeirão Preto,4
2024-04-03,02:35,Ribeirão Preto,3
2024-04-05,01:00,Ribeirão Preto,4
2024-04-06,18:43,Ribeirão Preto,2
2024-04-07,03:38,Ribeirão Preto,2
2024-04-05,04:36,Campinas,1
2024-04-02,03:32,Campinas,1
2024-04-04,01:20,Ribeirão Preto,2
2024-04-04,04:23,Ribeirão Preto,1
2024-04-02,10:57,Ribeirão Preto,5
2024-04-05,08:39,Ribeirão Preto,2
2024-04-05,15:49,Ribeirão Preto,1
2024-04-07,18:12,Ribeirão Preto,4
2024-04-04,01:48,Campinas,3
2024-04-04,14:33,Ribeirão Preto,5
2024-04-04,01:37,Sorocaba,5
2024-04-04,01:28,Sorocaba,3
2024-04-05,02:52,São José do Rio Preto,3
2024-04-04,06:35,São Paulo,4
2024-04-06,01:39,Campinas,3
2024-04-05,04:46,Ribeirão Preto,5
2024-04-02,03:04,Ribeirão Preto,4
2024-04-06,22:19,Campinas,3
2024-04-01,15:28,Ribeirão Preto,4
2024-04-02,11:10,Ribeirão Preto,4
2024-04-02,02:07,São José do Rio Preto,1
2024-04-03,02:27,Sorocaba,3
2024-04-02,01:48,São Paulo,1
2024-04-07,01:40,São Paulo,5
2024-04-03,01:17,Ribeirão Preto,4
2024-04-03,02:29,São Paulo,5
2024-04-03,03:13,São Paulo,4
2024-04-06,11:55,São José do Rio Preto,3
2024-04-02,05:08,Sorocaba,2
2024-04-01,01:09,Ribeirão Preto,3
2024-04-07,06:55,Sorocaba,4
2024-04-06,01:24,Campinas,2
2024-04-03,03:51,Ribeirão Preto,2
2024-04-07,07:26,Ribeirão Preto,3
2024-04-04,03:01,Sorocaba,5
2024-04-04,06:02,Campinas,3
2024-04-05,01:28,Sorocaba,4
2024-04-04,02:55,Sorocaba,5
2024-04-04,04:36,Ribeirão Preto,4
2024-04-03,03:26,Ribeirão Preto,5
2024-04-06,19:03,São José do Rio Preto,1
2024-04-02,03:34,Campinas,5
2024-04-06,15:26,São Paulo,1
2024-04-06,02:18,Campinas,4
2024-04-07,17:09,Ribeirão Preto,3
2024-04-04,01:25,Sorocaba,4
2024-04-02,13:06,Ribeirão Preto,3
2024-04-01,02:26,Ribeirão Preto,1
2024-04-07,03:29,São José do Rio Preto,3
2024-04-06,03:11,Ribeirão Preto,4
2024-04-06,02:39,São José do Rio Preto,4
2024-04-04,04:04,São José do Rio Preto,4
2024-04-01,03:55,Ribeirão Preto,5
2024-04-07,12:12,Campinas,4
2024-04-01,20:40,São Paulo,5
2024-04-05,04:03,Ribeirão Preto,2
2024-04-02,12:01,Sorocaba,1
2024-04-02,23:36,Campinas,2
2024-04-05,17:33,Ribeirão Preto,2
2024-04-07,02:57,Ribeirão Preto,5
2024-04-03,04:49,Ribeirão Preto,5
2024-04-07,01:05,Ribeirão Preto,1
2024-04-05,02:25,Ribeirão Preto,1
2024-04-07,09:10,Ribeirão Preto,1
2024-04-06,02:41,Sorocaba,4
2024-04-05,05:00,Ribeirão Preto,4
2024-04-05,12:33,Ribeirão Preto,1
2024-04-01,06:20,Campinas,5
2024-04-07,06:09,Ribeirão Preto,2
2024-04-07,18:04,Ribeirão Preto,1
2024-04-02,02:25,Campinas,1
2024-04-03,02:43,Sorocaba,2
2024-04-04,03:18,Campinas,3
2024-04-04,04:20,Campinas,1
2024-04-04,04:56,Ribeirão Preto,1
2024-04-03,22:33,Campinas,4
2024-04-04,13:28,São Paulo,2
2024-04-03,01:37,Ribeirão Preto,1
2024-04-04,01:14,Ribeirão Preto,1
2024-04-04,13:39,Ribeirão Preto,3
2024-04-03,02:15,São Paulo,2
2024-04-02,04:50,Campinas,1
2024-04-06,06:17,Ribeirão Preto,3
2024-04-06,02:58,Ribeirão Preto,1
2024-04-03,01:48,Sorocaba,5
2024-04-03,04:00,Ribeirão Preto,3
2024-04-05,09:10,Ribeirão Preto,5
2024-04-01,03:35,São José do Rio Preto,1
2024-04-07,01:31,São Paulo,3
2024-04-01,01:27,São Paulo,2
2024-04-02,16:05,Ribeirão Preto,4
2024-04-02,04:06,Ribeirão Preto,1
2024-04-02,23:39,São Paulo,3
2024-04-01,04:23,Ribeirão Preto,5
2024-04-02,06:09,Campinas,3
2024-04-06,21:29,Ribeirão Preto,2
2024-04-02,05:16,Campinas,3
2024-04-07,22:43,São José do Rio Preto,5
2024-04-03,03:07,São Paulo,1
2024-04-06,02:11,Sorocaba,5
2024-04-06,13:25,Ribeirão Preto,5
2024-04-03,01:16,Sorocaba,5
2024-04-07,18:34,Sorocaba,4
2024-04-01,04:45,Campinas,1
2024-04-03,02:43,São Paulo,4
2024-04-02,03:04,Ribeirão Preto,3
2024-04-03,08:44,Campinas,1
2024-04-06,04:10,São José do Rio Preto,1
2024-04-05,21:15,São Paulo,3
2024-04-03,02:57,Ribeirão Preto,3
2024-04-01,11:41,São Paulo,5
2024-04-02,16:29,Ribeirão Preto,1
2024-04-06,02:59,Ribeirão Preto,2
2024-04-06,08:55,Ribeirão Preto,5
2024-04-02,12:39,Ribeirão Preto,1
2024-04-01,08:05,Sorocaba,3
2024-04-03,04:19,Campinas,3
2024-04-07,01:19,Sorocaba,2
2024-04-02,02:23,Campinas,1
2024-04-02,22:26,Campinas,4
2024-04-05,09:02,Campinas,5
2024-04-01,10:23,Sorocaba,1
2024-04-06,03:51,Ribeirão Preto,4
2024-04-06,20:09,Ribeirão Preto,3
2024-04-07,04:24,Ribeirão Preto,3
2024-04-03,13:27,Ribeirão Preto,4
2024-04-03,01:17,Ribeirão Preto,4
2024-04-02,18:41,Campinas,2
2024-04-04,04:44,Ribeirão Preto,1
2024-04-05,06:13,Ribeirão Preto,3
2024-04-05,23:00,Ribeirão Preto,5
2024-04-05,07:19,São Paulo,3
2024-04-06,03:46,Ribeirão Preto,1
2024-04-02,23:24,Ribeirão Preto,4
2024-04-01,06:11,Ribeirão Preto,2
2024-04-01,02:47,Ribeirão Preto,3
2024-04-05,01:38,Ribeirão Preto,2
2024-04-06,03:45,Ribeirão Preto,4
2024-04-04,10:08,Campinas,1
2024-04-07,04:08,Sorocaba,3
2024-04-07,04:41,Sorocaba,1
2024-04-06,02:40,Campinas,5
2024-04-04,04:24,Ribeirão Preto,1
2024-04-03,04:29,São José do Rio Preto,4
2024-04-04,13:47,Ribeirão Preto,4
2024-04-05,13:54,São José do Rio Preto,5
2024-04-03,02:39,São Paulo,1
2024-04-05,02:27,Ribeirão Preto,4
2024-04-06,04:01,Campinas,4
2024-04-06,03:24,Campinas,4
2024-04-01,07:17,Sorocaba,4
2024-04-05,13:23,Ribeirão Preto,2
2024-04-03,13:17,São Paulo,3
2024-04-05,21:26,Ribeirão Preto,2
2024-04-02,04:43,São José do Rio Preto,4
2024-04-06,01:55,São Paulo,1
2024-04-03,03:34,Campinas,2
2024-04-04,03:33,Ribeirão Preto,5
2024-04-01,12:37,Sorocaba,3
2024-04-04,03:05,Campinas,1
2024-04-05,01:48,Ribeirão Preto,2
2024-04-04,08:15,Ribeirão Preto,3
2024-04-03,02:22,Ribeirão Preto,2
2024-04-02,03:27,Campinas,5
2024-04-04,11:12,São José do Rio Preto,4
2024-04-05,04:11,Sorocaba,5
2024-04-04,04:10,São José do Rio Preto,4
2024-04-04,12:46,Ribeirão Preto,3
2024-04-07,01:59,São Paulo,2
2024-04-03,03:48,Campinas,2
2024-04-07,03:51,Ribeirão Preto,5
2024-04-07,05:21,São José do Rio Preto,1
2024-04-05,13:30,São José do Rio Preto,3
2024-04-07,02:55,Sorocaba,4
2024-04-05,03:26,Campinas,3
2024-04-02,08:26,Ribeirão Preto,5
2024-04-07,17:39,Ribeirão Preto,2
2024-04-03,15:25,Sorocaba,4
2024-04-06,02:06,Ribeirão Preto,4
2024-04-03,04:10,Ribeirão Preto,4
2024-04-01,17:52,São Paulo,4
2024-04-02,03:21,Sorocaba,3
2024-04-02,03:39,Ribeirão Preto,3
2024-04-05,14:18,Ribeirão Preto,5
2024-04-05,01:37,São José do Rio Preto,2
2024-04-02,02:19,Ribeirão Preto,2
2024-04-03,02:18,Ribeirão Preto,3
2024-04-01,02:18,Ribeirão Preto,5
2024-04-05,15:35,São Paulo,1
2024-04-01,11:53,Campinas,4
2024-04-02,06:46,São Paulo,2
2024-04-03,02:26,Campinas,4
2024-04-01,08:16,São Paulo,2
2024-04-06,03:17,Ribeirão Preto,1
2024-04-04,12:19,Campinas,2
2024-04-02,01:43,São José do Rio Preto,1
2024-04-03,03:41,São José do Rio Preto,2
2024-04-02,04:40,Ribeirão Preto,3
2024-04-02,04:07,Sorocaba,4
2024-04-01,03:57,Ribeirão Preto,5
2024-04-01,02:39,Sorocaba,5
2024-04-04,04:10,Ribeirão Preto,2
2024-04-05,04:54,Ribeirão Preto,5
2024-04-04,02:29,Sorocaba,4
2024-04-06,04:11,Ribeirão Preto,3
2024-04-03,02:53,Ribeirão Preto,3
2024-04-07,21:22,Ribeirão Preto,1
2024-04-03,01:05,São José do Rio Preto,5
2024-04-02,04:34,Ribeirão Preto,4
2024-04-01,02:14,Ribeirão Preto,5
2024-04-02,20:59,Ribeirão Preto,4
2024-04-05,11:37,São José do Rio Preto,1
2024-04-02,11:27,Ribeirão Preto,5
2024-04-06,08:06,Ribeirão Preto,3
2024-04-03,04:05,Ribeirão Preto,1
2024-04-06,04:26,Campinas,5
2024-04-03,13:01,Ribeirão Preto,3
2024-04-06,15:05,Ribeirão Preto,3
2024-04-04,04:31,Ribeirão Preto,4
2024-04-07,02:28,Ribeirão Preto,3
2024-04-06,14:33,Ribeirão Preto,2
2024-04-02,21:00,Sorocaba,5
2024-04-01,03:14,Ribeirão Preto,5
2024-04-05,11:09,Campinas,4
2024-04-05,11:09,Campinas,3
2024-04-06,01:09,Ribeirão Preto,4
2024-04-01,01:36,Sorocaba,2
2024-04-05,01:31,São José do Rio Preto,4
2024-04-06,02:35,Campinas,5
2024-04-06,03:24,Sorocaba,4
2024-04-01,01:14,Ribeirão Preto,5
2024-04-01,01:08,Ribeirão Preto,1
2024-04-04,17:15,São José do Rio Preto,2
2024-04-06,03:40,Ribeirão Preto,2
2024-04-02,03:18,Campinas,5
2024-04-03,06:45,Sorocaba,1
2024-04-03,22:57,São Paulo,3
2024-04-06,02:43,Sorocaba,4
2024-04-02,10:11,Ribeirão Preto,3
2024-04-05,02:34,Campinas,1
2024-04-07,01:50,Campinas,2
2024-04-01,11:42,Campinas,3
2024-04-03,12:57,Ribeirão Preto,1
2024-04-04,14:04,Campinas,2
2024-04-05,02:37,Ribeirão Preto,3
2024-04-04,11:05,Campinas,2
2024-04-03,07:50,Sorocaba,5
2024-04-02,02:13,São José do Rio Preto,2
2024-04-02,01:47,Ribeirão Preto,2
2024-04-04,01:11,São José do Rio Preto,1
2024-04-06,03:49,Ribeirão Preto,1
2024-04-05,01:21,Campinas,4
2024-04-03,18:44,Campinas,1
2024-04-01,17:51,Ribeirão Preto,5
2024-04-02,01:40,Campinas,5
2024-04-04,04:49,Sorocaba,2
2024-04-07,10:03,Sorocaba,1
2024-04-03,04:42,Ribeirão Preto,4
2024-04-05,21:58,Ribeirão Preto,1
2024-04-06,02:17,São Paulo,4
2024-04-01,02:52,Campinas,2
2024-04-01,03:30,Ribeirão Preto,5
2024-04-06,17:34,Ribeirão Preto,1
2024-04-02,02:03,Ribeirão Preto,1
2024-04-01,03:08,São Paulo,5
2024-04-03,13:44,Ribeirão Preto,5
2024-04-02,01:14,Sorocaba,3
2024-04-02,05:41,Ribeirão Preto,3
2024-04-02,02:58,Ribeirão Preto,3
2024-04-06,03:20,Campinas,5
2024-04-07,07:31,Campinas,3
2024-04-03,04:08,Ribeirão Preto,1
2024-04-04,11:47,Campinas,5
2024-04-01,07:31,Sorocaba,1
2024-04-01,21:15,Campinas,5
2024-04-04,01:44,Ribeirão Preto,2
2024-04-02,03:04,Ribeirão Preto,1
2024-04-05,02:41,Campinas,5
2024-04-03,03:30,São José do Rio Preto,4
2024-04-02,11:24,Sorocaba,5
2024-04-02,04:55,Ribeirão Preto,2
2024-04-02,03:00,Ribeirão Preto,5
2024-04-01,22:02,Ribeirão Preto,2
2024-04-06,19:20,Ribeirão Preto,3
2024-04-06,02:27,Ribeirão Preto,1
2024-04-07,06:02,Sorocaba,2
2024-04-06,02:41,Sorocaba,4
2024-04-01,20:31,Ribeirão Preto,1
2024-04-06,01:31,São Paulo,5
2024-04-05,01:48,Campinas,5
2024-04-03,14:29,Ribeirão Preto,2
2024-04-07,12:58,Sorocaba,4
2024-04-02,01:49,Ribeirão Preto,2
2024-04-07,10:12,Ribeirão Preto,4
2024-04-06,01:33,São Paulo,2
2024-04-07,04:47,Ribeirão Preto,3
2024-04-07,15:03,Ribeirão Preto,3
2024-04-01,04:53,Ribeirão Preto,3
2024-04-04,20:17,Sorocaba,2
2024-04-01,02:31,Sorocaba,1
2024-04-02,04:13,Sorocaba,5
2024-04-02,21:31,Ribeirão Preto,1
2024-04-01,02:05,São José do Rio Preto,5
2024-04-04,04:42,Ribeirão Preto,4
2024-04-04,23:16,Sorocaba,3
2024-04-07,01:07,Ribeirão Preto,3
2024-04-02,04:34,Sorocaba,5
2024-04-07,02:23,Campinas,3
2024-04-01,01:02,Sorocaba,1
2024-04-03,01:16,Campinas,2
2024-04-03,01:35,São Paulo,3
2024-04-02,03:50,Ribeirão Preto,3
2024-04-04,03:39,Ribeirão Preto,4
2024-04-03,18:16,Ribeirão Preto,2
2024-04-01,02:56,Ribeirão Preto,5
2024-04-07,04:58,Campinas,2
2024-04-05,09:29,Ribeirão Preto,2
2024-04-05,01:24,São José do Rio Preto,5
2024-04-04,02:21,Sorocaba,2
2024-04-06,22:36,Campinas,4
2024-04-05,22:10,Ribeirão Preto,1
2024-04-01,15:11,São Paulo,2
2024-04-06,16:20,Ribeirão Preto,1
2024-04-02,02:14,Ribeirão Preto,4
2024-04-02,04:11,São José do Rio Preto,4
2024-04-01,04:21,Ribeirão Preto,2
2024-04-02,19:38,Ribeirão Preto,3
2024-04-01,04:55,Ribeirão Preto,2
2024-04-01,15:34,Ribeirão Preto,1
2024-04-05,03:41,São José do Rio Preto,4
2024-04-06,17:15,São Paulo,1
2024-04-05,02:32,Ribeirão Preto,1
2024-04-04,03:52,Campinas,5
2024-04-05,20:42,Ribeirão Preto,4
2024-04-02,02:48,Ribeirão Preto,4
2024-04-06,03:13,Ribeirão Preto,1
2024-04-05,02:17,São José do Rio Preto,4
2024-04-01,02:43,Ribeirão Preto,2
2024-04-05,23:15,Ribeirão Preto,5
2024-04-02,01:39,Ribeirão Preto,2
2024-04-04,10:02,Sorocaba,3
2024-04-06,01:42,Sorocaba,3
2024-04-03,13:25,São Paulo,1
2024-04-06,05:14,Campinas,3
2024-04-01,03:35,São José do Rio Preto,2
2024-04-02,20:26,Ribeirão Preto,3
2024-04-02,08:47,São Paulo,1
2024-04-07,04:53,Ribeirão Preto,4
2024-04-03,17:55,São José do Rio Preto,5
2024-04-04,03:16,São José do Rio Preto,1
2024-04-01,03:13,Ribeirão Preto,1
2024-04-04,04:01,Sorocaba,1
2024-04-03,03:26,Ribeirão Preto,2
2024-04-01,03:53,Ribeirão Preto,4
2024-04-05,03:46,Ribeirão Preto,1
2024-04-04,02:23,Sorocaba,4
2024-04-05,06:59,Ribeirão Preto,1
2024-04-01,02:39,Ribeirão Preto,2
2024-04-03,01:44,Ribeirão Preto,1
2024-04-05,14:34,Ribeirão Preto,3
2024-04-05,03:03,Ribeirão Preto,2
2024-04-02,04:25,Ribeirão Preto,1
2024-04-01,04:35,Ribeirão Preto,1
2024-04-06,04:03,São Paulo,1
2024-04-03,19:33,Sorocaba,3
2024-04-02,02:12,Ribeirão Preto,3
2024-04-04,04:53,Sorocaba,1
2024-04-03,05:39,Ribeirão Preto,3
2024-04-07,03:40,Ribeirão Preto,1
2024-04-02,03:00,Campinas,3
2024-04-07,04:00,Ribeirão Preto,4
2024-04-04,01:08,São José do Rio Preto,1
2024-04-07,21:10,Campinas,1
2024-04-03,09:15,Campinas,5
2024-04-02,07:28,São José do Rio Preto,5
2024-04-03,01:35,Sorocaba,2
2024-04-05,06:14,Ribeirão Preto,4
2024-04-02,10:58,Ribeirão Preto,4
2024-04-05,02:38,Ribeirão Preto,2
2024-04-02,13:01,Ribeirão Preto,5
2024-04-05,15:09,Ribeirão Preto,2
2024-04-07,03:48,Ribeirão Preto,5
2024-04-01,04:10,Ribeirão Preto,1
2024-04-05,13:29,Ribeirão Preto,2
2024-04-01,02:22,Campinas,3
2024-04-06,08:21,Ribeirão Preto,5
2024-04-03,02:50,São Paulo,1
2024-04-07,16:41,Ribeirão Preto,3
2024-04-04,06:35,Campinas,3
2024-04-04,10:28,Campinas,4
2024-04-04,02:44,Ribeirão Preto,5
2024-04-01,01:31,Campinas,1
2024-04-04,02:32,Ribeirão Preto,5
2024-04-04,13:38,Campinas,1
2024-04-05,04:08,Ribeirão Preto,5
2024-04-06,03:00,Campinas,3
2024-04-04,01:17,Campinas,4
2024-04-01,15:49,Ribeirão Preto,2
2024-04-05,02:47,Ribeirão Preto,5
2024-04-01,02:21,São Paulo,3
2024-04-02,02:47,Ribeirão Preto,2
2024-04-04,13:36,São Paulo,2
2024-04-01,19:13,Ribeirão Preto,2
2024-04-01,23:21,Ribeirão Preto,3
2024-04-05,05:32,São Paulo,1
2024-04-02,02:05,São José do Rio Preto,2
2024-04-02,21:26,São José do Rio Preto,4
2024-04-04,15:05,Ribeirão Preto,1
2024-04-07,04:54,Campinas,3
2024-04-06,20:43,Campinas,2
2024-04-03,20:49,Sorocaba,3
2024-04-03,03:53,Ribeirão Preto,3
2024-04-05,13:40,São Paulo,2
2024-04-07,09:15,São José do Rio Preto,3
2024-04-04,02:46,Ribeirão Preto,4
2024-04-05,03:56,Ribeirão Preto,4
2024-04-06,02:01,Sorocaba,5
2024-04-04,06:36,Sorocaba,2
2024-04-02,20:28,São Paulo,2
2024-04-03,09:22,Ribeirão Preto,2
2024-04-01,14:20,Ribeirão Preto,5
2024-04-03,02:12,São Paulo,4
2024-04-04,02:50,Campinas,4
2024-04-07,05:00,Ribeirão Preto,2
2024-04-06,01:28,Sorocaba,3
2024-04-03,11:47,Sorocaba,1
2024-04-01,02:06,Sorocaba,1
2024-04-02,01:30,São José do Rio Preto,2
2024-04-02,07:44,Campinas,2
2024-04-04,05:55,Ribeirão Preto,4
2024-04-03,05:21,Ribeirão Preto,4
2024-04-04,07:15,Ribeirão Preto,3
2024-04-03,02:27,Sorocaba,4
2024-04-07,10:43,Ribeirão Preto,1
2024-04-05,04:38,Ribeirão Preto,1
2024-04-04,01:24,Ribeirão Preto,4
2024-04-03,10:13,Ribeirão Preto,1
2024-04-05,13:49,Campinas,1
2024-04-07,23:20,São José do Rio Preto,1
2024-04-04,06:18,São Paulo,1
2024-04-07,02:59,São Paulo,5
2024-04-02,03:12,Ribeirão Preto,2
2024-04-06,11:01,Ribeirão Preto,3
2024-04-05,04:50,São José do Rio Preto,5
2024-04-07,04:35,São José do Rio Preto,3
2024-04-04,05:13,Ribeirão Preto,5
2024-04-01,01:33,Ribeirão Preto,5
2024-04-06,02:17,Ribeirão Preto,3
2024-04-02,02:23,São José do Rio Preto,2
2024-04-06,03:29,Campinas,4
2024-04-06,04:50,Ribeirão Preto,5
2024-04-05,02:18,Ribeirão Preto,2
2024-04-03,21:35,São Paulo,4
2024-04-01,23:58,Ribeirão Preto,3
2024-04-03,01:20,Ribeirão Preto,5
2024-04-06,05:18,São José do Rio Preto,4
2024-04-01,01:53,São José do Rio Preto,2
2024-04-04,14:25,Ribeirão Preto,4
2024-04-07,03:34,São José do Rio Preto,3
2024-04-04,01:39,São Paulo,4
2024-04-03,12:03,Ribeirão Preto,1
2024-04-06,04:20,Ribeirão Preto,5
2024-04-03,02:02,Sorocaba,2
2024-04-03,01:04,Sorocaba,2
2024-04-05,14:42,São Paulo,5
2024-04-06,04:28,São José do Rio Preto,5
2024-04-02,01:54,São Paulo,1
2024-04-03,08:18,Sorocaba,1
2024-04-04,03:50,São Paulo,2
2024-04-07,04:16,Sorocaba,4
2024-04-06,03:33,Campinas,5
2024-04-06,22:19,Ribeirão Preto,1
2024-04-06,15:27,São José do Rio Preto,1
2024-04-07,03:08,Sorocaba,1
2024-04-04,01:02,Sorocaba,4
2024-04-03,20:09,Sorocaba,2
2024-04-06,02:20,Ribeirão Preto,2
2024-04-06,03:40,São José do Rio Preto,1
2024-04-07,07:51,Sorocaba,4
2024-04-03,19:03,Ribeirão Preto,4
2024-04-07,10:21,Ribeirão Preto,2
2024-04-04,03:06,São José do Rio Preto,5
2024-04-05,04:11,Sorocaba,1
2024-04-06,03:10,São Paulo,4
2024-04-01,06:21,Ribeirão Preto,5
2024-04-04,02:28,Sorocaba,3
2024-04-01,11:26,Ribeirão Preto,1
2024-04-03,07:46,São José do Rio Preto,3
2024-04-02,01:19,Ribeirão Preto,2
2024-04-03,03:13,Ribeirão Preto,2
2024-04-07,02:06,Campinas,2
2024-04-03,03:14,São Paulo,4
2024-04-03,02:45,Ribeirão Preto,4
2024-04-06,02:27,Ribeirão Preto,5
2024-04-04,17:42,Ribeirão Preto,3
2024-04-04,20:09,Ribeirão Preto,2
2024-04-02,18:50,Ribeirão Preto,2
2024-04-07,18:02,Sorocaba,4
2024-04-01,01:11,São José do Rio Preto,4
2024-04-07,02:12,Ribeirão Preto,4
2024-04-01,15:38,Sorocaba,1
2024-04-01,03:43,Sorocaba,3
2024-04-03,22:53,Ribeirão Preto,3
2024-04-02,02:33,Campinas,1
2024-04-03,05:00,Campinas,2
2024-04-02,22:37,São José do Rio Preto,5
2024-04-05,03:24,Campinas,5
2024-04-04,01:18,Campinas,2
2024-04-06,07:24,Campinas,5
2024-04-06,03:05,Ribeirão Preto,4
2024-04-06,07:44,Ribeirão Preto,3
2024-04-03,20:03,Ribeirão Preto,4
2024-04-05,08:25,Campinas,5
2024-04-01,02:25,São Paulo,5
2024-04-06,16:25,Ribeirão Preto,3
2024-04-05,14:13,Ribeirão Preto,4
2024-04-06,01:31,Ribeirão Preto,3
2024-04-04,10:47,Campinas,5
2024-04-06,08:27,Campinas,3
2024-04-04,02:01,Sorocaba,3
2024-04-06,04:40,Sorocaba,5
2024-04-06,10:44,Campinas,3
2024-04-04,18:20,Ribeirão Preto,4
2024-04-07,04:45,Ribeirão Preto,5
2024-04-06,02:13,Campinas,3
2024-04-05,13:36,São José do Rio Preto,2
2024-04-07,18:01,São Paulo,4
2024-04-01,03:04,Campinas,4
2024-04-03,03:37,Ribeirão Preto,4
2024-04-06,12:01,Sorocaba,1
2024-04-07,02:00,Sorocaba,5
2024-04-01,22:47,Ribeirão Preto,1
2024-04-07,04:21,Ribeirão Preto,3
2024-04-07,16:40,Ribeirão Preto,5
2024-04-02,02:24,São José do Rio Preto,4
2024-04-02,18:45,São Paulo,4
2024-04-03,04:29,Campinas,4
2024-04-06,04:08,São José do Rio Preto,4
2024-04-06,01:36,São José do Rio Preto,3
2024-04-04,08:46,Ribeirão Preto,2
2024-04-03,03:09,Ribeirão Preto,5
2024-04-05,04:14,São José do Rio Preto,2
2024-04-06,19:48,Sorocaba,5
2024-04-04,03:02,Sorocaba,4
2024-04-03,04:07,Ribeirão Preto,1
2024-04-03,04:24,Sorocaba,3
2024-04-07,10:35,São Paulo,5
2024-04-05,08:42,Ribeirão Preto,4
2024-04-05,11:59,Campinas,1
2024-04-01,13:50,São Paulo,4
2024-04-02,03:45,Ribeirão Preto,3
2024-04-03,02:49,São Paulo,1
2024-04-07,05:20,Campinas,5
2024-04-01,17:33,São Paulo,5
2024-04-04,01:26,São José do Rio Preto,5
2024-04-04,02:08,São Paulo,5
2024-04-02,10:09,Campinas,1
2024-04-04,03:26,Ribeirão Preto,3
2024-04-02,16:24,Sorocaba,1
2024-04-04,04:12,Ribeirão Preto,5
2024-04-04,04:50,São José do Rio Preto,3
2024-04-03,04:03,Ribeirão Preto,2
2024-04-05,03:59,Ribeirão Preto,2
2024-04-03,01:15,Sorocaba,1
2024-04-01,02:11,Ribeirão Preto,5
2024-04-05,02:24,Campinas,2
2024-04-03,16:47,Ribeirão Preto,2
2024-04-05,03:48,São José do Rio Preto,4
2024-04-05,04:15,Sorocaba,4
2024-04-05,02:38,Campinas,3
2024-04-04,02:01,Campinas,3
2024-04-05,17:08,Sorocaba,5
2024-04-04,02:58,Campinas,2
2024-04-06,03:43,Ribeirão Preto,1
2024-04-05,15:12,Campinas,1
2024-04-04,01:13,São Paulo,4
2024-04-05,03:11,Sorocaba,3
2024-04-01,03:34,Sorocaba,5
2024-04-03,17:21,Ribeirão Preto,4
2024-04-06,02:20,Campinas,4
2024-04-05,16:47,Sorocaba,5
2024-04-01,01:49,Ribeirão Preto,5
2024-04-03,03:56,Ribeirão Preto,2
2024-04-02,02:02,Ribeirão Preto,5
2024-04-06,01:21,Ribeirão Preto,5
2024-04-06,04:08,Ribeirão Preto,4
2024-04-05,20:46,Sorocaba,4
2024-04-02,13:39,Sorocaba,1
2024-04-03,14:41,Ribeirão Preto,1
2024-04-03,16:52,Campinas,1
2024-04-05,13:53,Campinas,5
2024-04-01,01:02,Ribeirão Preto,2
2024-04-05,19:30,Sorocaba,4
2024-04-01,01:36,Campinas,3
2024-04-07,01:05,São Paulo,2
2024-04-05,20:13,Ribeirão Preto,3
2024-04-01,01:18,São Paulo,5
2024-04-04,02:57,Sorocaba,3
2024-04-01,02:17,Ribeirão Preto,1
2024-04-01,02:57,Campinas,4
2024-04-03,18:56,Ribeirão Preto,2
2024-04-02,01:06,Ribeirão Preto,1
2024-04-05,01:35,São José do Rio Preto,4
2024-04-03,10:28,Sorocaba,1
2024-04-02,02:02,São Paulo,2
2024-04-03,15:12,São Paulo,5
2024-04-06,19:35,Ribeirão Preto,3
2024-04-03,02:40,Ribeirão Preto,5
2024-04-05,03:24,Campinas,3
2024-04-06,02:27,São José do Rio Preto,3
2024-04-04,16:37,Ribeirão Preto,2
2024-04-03,04:10,Ribeirão Preto,2
2024-04-05,03:59,Campinas,5
2024-04-01,16:40,Campinas,4
2024-04-02,03:08,Ribeirão Preto,4
2024-04-07,01:21,Sorocaba,5
2024-04-05,03:20,São José do Rio Preto,3
2024-04-04,04:58,Ribeirão Preto,2
2024-04-07,02:18,Ribeirão Preto,5
2024-04-05,06:32,Ribeirão Preto,4
2024-04-05,05:03,São Paulo,3
2024-04-01,02:32,Ribeirão Preto,4
2024-04-02,12:44,Sorocaba,3
2024-04-07,03:15,Ribeirão Preto,4
2024-04-06,04:43,São Paulo,1
2024-04-02,08:00,Ribeirão Preto,3
2024-04-04,04:14,Ribeirão Preto,3
2024-04-06,01:21,Ribeirão Preto,3
2024-04-06,04:31,Sorocaba,1
2024-04-02,03:58,Campinas,1
2024-04-01,09:36,Ribeirão Preto,4
2024-04-04,03:22,Sorocaba,2
2024-04-01,01:32,Ribeirão Preto,4
2024-04-01,18:48,São José do Rio Preto,3
2024-04-06,15:39,São Paulo,3
2024-04-05,20:21,Campinas,4
2024-04-05,04:39,Campinas,5
2024-04-05,10:53,São José do Rio Preto,2
2024-04-06,01:53,Sorocaba,1
2024-04-07,02:57,Campinas,2
2024-04-03,22:46,Ribeirão Preto,5
2024-04-01,10:54,São Paulo,4
2024-04-02,15:11,Ribeirão Preto,4
2024-04-04,02:47,Ribeirão Preto,3
2024-04-03,01:17,Campinas,4
2024-04-05,01:31,Ribeirão Preto,5
2024-04-06,18:02,Sorocaba,4
2024-04-07,10:59,Ribeirão Preto,4
2024-04-03,21:35,Sorocaba,5
2024-04-06,15:46,Ribeirão Preto,1
2024-04-03,03:45,Campinas,2
2024-04-01,04:00,Ribeirão Preto,4
2024-04-01,22:56,Ribeirão Preto,2
2024-04-06,14:24,Ribeirão Preto,2
2024-04-02,03:19,Campinas,3
2024-04-04,13:16,Campinas,1
2024-04-04,20:48,São José do Rio Preto,2
2024-04-05,01:21,Campinas,3
2024-04-02,03:49,Ribeirão Preto,5
2024-04-04,20:32,Ribeirão Preto,5
2024-04-07,04:25,São José do Rio Preto,5
2024-04-03,11:26,São José do Rio Preto,5
2024-04-03,13:59,Sorocaba,5
2024-04-04,14:33,Ribeirão Preto,3
2024-04-03,01:22,Ribeirão Preto,1
2024-04-06,03:15,Ribeirão Preto,1
2024-04-03,01:13,Campinas,3
2024-04-06,22:51,São Paulo,3
2024-04-05,06:54,Ribeirão Preto,4
2024-04-03,02:54,São José do Rio Preto,2
2024-04-06,01:51,Campinas,5
2024-04-04,02:49,Ribeirão Preto,2
2024-04-01,02:40,Ribeirão Preto,4
2024-04-03,11:13,Ribeirão Preto,1
2024-04-04,13:44,São Paulo,5
2024-04-03,02:25,Ribeirão Preto,1
2024-04-07,02:45,Sorocaba,3
2024-04-02,02:57,São José do Rio Preto,2
2024-04-06,03:50,Campinas,1
2024-04-05,13:48,São José do Rio Preto,4
2024-04-07,11:26,Sorocaba,1
2024-04-01,01:39,Ribeirão Preto,5
2024-04-06,23:03,São Paulo,5
2024-04-03,03:08,Sorocaba,2
2024-04-04,04:55,Campinas,3
2024-04-01,01:26,Sorocaba,5
2024-04-03,09:42,Ribeirão Preto,4
2024-04-02,01:38,Campinas,2
2024-04-04,09:14,Ribeirão Preto,5
2024-04-05,14:24,Sorocaba,4
2024-04-03,01:17,Ribeirão Preto,1
2024-04-04,10:51,Ribeirão Preto,4
2024-04-07,01:29,Ribeirão Preto,2
2024-04-03,04:36,São José do Rio Preto,5
2024-04-05,20:15,Campinas,3
2024-04-02,12:52,Sorocaba,3
2024-04-06,12:11,Ribeirão Preto,4
2024-04-05,03:16,Ribeirão Preto,4
2024-04-07,18:24,Ribeirão Preto,4
2024-04-05,12:14,Ribeirão Preto,5
2024-04-05,01:24,Ribeirão Preto,3
2024-04-06,22:20,Ribeirão Preto,3
2024-04-01,03:57,Sorocaba,2
2024-04-04,04:18,Ribeirão Preto,2
2024-04-03,01:23,Campinas,1
2024-04-06,04:06,Ribeirão Preto,5
2024-04-02,03:52,Campinas,4
2024-04-03,01:11,Ribeirão Preto,2
2024-04-01,02:48,Ribeirão Preto,1
2024-04-02,02:38,Sorocaba,1
2024-04-01,14:10,Ribeirão Preto,3
2024-04-03,04:32,Ribeirão Preto,5
2024-04-02,02:48,Campinas,5
2024-04-07,01:24,Campinas,4
2024-04-06,06:53,Ribeirão Preto,5
2024-04-03,22:38,Sorocaba,4
2024-04-04,19:33,Ribeirão Preto,5
2024-04-01,02:10,Ribeirão Preto,3
2024-04-04,04:15,Ribeirão Preto,1
2024-04-07,14:31,Ribeirão Preto,5
2024-04-07,03:14,São Paulo,5
2024-04-04,03:39,Ribeirão Preto,3
2024-04-03,10:14,Campinas,2
2024-04-07,03:06,Ribeirão Preto,4
2024-04-03,07:36,Sorocaba,2
2024-04-05,02:39,São Paulo,1
2024-04-05,01:01,Ribeirão Preto,2
2024-04-02,03:05,Ribeirão Preto,1
2024-04-03,01:35,Ribeirão Preto,4
2024-04-01,04:38,Campinas,3
2024-04-03,04:37,Ribeirão Preto,1
2024-04-03,02:27,Sorocaba,4
2024-04-06,04:21,Ribeirão Preto,3
2024-04-04,03:36,Campinas,2
2024-04-04,11:58,Ribeirão Preto,2
2024-04-07,23:04,Ribeirão Preto,1
2024-04-05,06:17,Sorocaba,5
2024-04-06,21:10,Sorocaba,5
2024-04-02,02:54,Ribeirão Preto,3
2024-04-02,10:54,Ribeirão Preto,2
2024-04-03,01:07,Sorocaba,4
2024-04-06,17:19,Campinas,3
2024-04-01,02:10,Sorocaba,1
2024-04-04,01:58,Ribeirão Preto,1
2024-04-01,12:26,Campinas,3
2024-04-06,02:28,Campinas,4
2024-04-04,02:24,Campinas,2
2024-04-06,03:57,Ribeirão Preto,2
2024-04-06,03:50,São José do Rio Preto,4
2024-04-03,02:18,Ribeirão Preto,2
2024-04-02,02:01,Campinas,5
2024-04-06,04:41,Ribeirão Preto,5
2024-04-03,03:38,Campinas,4
2024-04-04,03:43,Campinas,5
2024-04-06,06:57,São José do Rio Preto,3
2024-04-02,02:01,Ribeirão Preto,2
2024-04-01,02:06,Sorocaba,3
2024-04-01,01:50,Campinas,4
2024-04-05,02:30,Ribeirão Preto,5
2024-04-07,03:32,Ribeirão Preto,3
2024-04-01,11:10,Sorocaba,3
2024-04-05,02:39,São Paulo,1
2024-04-02,17:39,Sorocaba,3
2024-04-03,01:45,São Paulo,5
2024-04-06,01:12,São José do Rio Preto,2
2024-04-06,01:09,Campinas,2
2024-04-07,01:48,Ribeirão Preto,2
2024-04-03,19:58,São Paulo,5
2024-04-06,04:37,Ribeirão Preto,2
2024-04-02,03:19,Campinas,2
2024-04-06,03:20,Ribeirão Preto,4
2024-04-07,03:13,Ribeirão Preto,4
2024-04-06,03:23,Ribeirão Preto,1
2024-04-02,13:39,São Paulo,1
2024-04-04,02:06,Sorocaba,3
2024-04-01,12:04,São Paulo,3
2024-04-01,03:05,São José do Rio Preto,3
2024-04-01,03:39,Sorocaba,1
2024-04-05,01:52,Ribeirão Preto,2
2024-04-01,08:34,Campinas,3
2024-04-06,02:08,São Paulo,2
2024-04-06,03:56,Ribeirão Preto,2
2024-04-04,22:41,Campinas,1
2024-04-03,02:00,Ribeirão Preto,4
2024-04-07,02:38,Sorocaba,4
2024-04-03,05:19,São José do Rio Preto,5
2024-04-06,05:05,Ribeirão Preto,4
2024-04-05,12:31,São José do Rio Preto,3
2024-04-04,03:12,Campinas,1
2024-04-02,11:38,Sorocaba,2
2024-04-06,17:39,Ribeirão Preto,1
2024-04-03,04:58,Ribeirão Preto,5
2024-04-07,13:20,Campinas,5
2024-04-04,03:36,Campinas,5
2024-04-07,01:11,Ribeirão Preto,2
2024-04-07,02:05,São José do Rio Preto,5
2024-04-02,11:54,Ribeirão Preto,5
2024-04-07,14:14,Ribeirão Preto,5
2024-04-05,18:20,Campinas,2
2024-04-06,01:20,Ribeirão Preto,5
2024-04-01,16:27,São Paulo,3
2024-04-06,12:35,São José do Rio Preto,1
2024-04-04,02:16,Ribeirão Preto,5
2024-04-06,09:45,Ribeirão Preto,5
2024-04-03,03:06,Ribeirão Preto,1
2024-04-05,02:22,Sorocaba,5
2024-04-06,01:44,Ribeirão Preto,5
2024-04-04,01:21,Ribeirão Preto,3
2024-04-05,19:09,Ribeirão Preto,4
2024-04-02,02:17,Ribeirão Preto,2
2024-04-04,02:01,Campinas,2
2024-04-06,04:53,Campinas,1
2024-04-06,03:11,Sorocaba,3
2024-04-01,02:44,Campinas,2
2024-04-02,01:56,Ribeirão Preto,1
2024-04-01,02:52,Ribeirão Preto,1
2024-04-05,13:38,Sorocaba,1
2024-04-07,05:49,Campinas,2
2024-04-01,11:21,Ribeirão Preto,4
2024-04-02,04:42,Ribeirão Preto,1
2024-04-02,03:21,Ribeirão Preto,5
2024-04-02,09:41,Ribeirão Preto,4
2024-04-06,03:21,Ribeirão Preto,4
2024-04-05,01:05,São José do Rio Preto,5
2024-04-03,06:45,Ribeirão Preto,2
2024-04-05,16:51,Campinas,2
2024-04-02,16:36,Sorocaba,3
2024-04-05,15:19,Campinas,2
2024-04-07,20:05,Ribeirão Preto,3
2024-04-04,03:08,Ribeirão Preto,1
2024-04-07,01:28,São Paulo,2
2024-04-07,14:36,Campinas,2
2024-04-04,02:04,Ribeirão Preto,5
2024-04-03,04:50,Ribeirão Preto,1
2024-04-07,12:12,Ribeirão Preto,3
2024-04-05,08:26,Ribeirão Preto,1
2024-04-07,12:22,Ribeirão Preto,4
2024-04-07,02:36,Campinas,5
2024-04-06,14:45,Campinas,4
2024-04-07,09:33,Ribeirão Preto,3
2024-04-05,01:24,Ribeirão Preto,2
2024-04-04,01:36,Ribeirão Preto,2
2024-04-02,04:22,Ribeirão Preto,2
2024-04-01,13:27,Ribeirão Preto,3
2024-04-02,01:54,Ribeirão Preto,4
2024-04-03,15:25,Sorocaba,3
2024-04-01,07:11,Campinas,3
2024-04-02,04:55,Ribeirão Preto,4
2024-04-05,11:51,Sorocaba,2
2024-04-06,04:38,Ribeirão Preto,5
2024-04-07,02:02,Ribeirão Preto,3
2024-04-05,12:08,Ribeirão Preto,3
2024-04-04,21:46,Sorocaba,4
2024-04-05,12:14,Ribeirão Preto,5
2024-04-05,02:07,Campinas,3
2024-04-03,02:27,Ribeirão Preto,1
2024-04-07,17:25,São Paulo,5
2024-04-06,01:15,Ribeirão Preto,3
2024-04-01,12:56,São José do Rio Preto,5
2024-04-02,18:33,Ribeirão Preto,1
2024-04-02,01:19,Sorocaba,1
2024-04-03,14:00,São José do Rio Preto,5
2024-04-01,03:23,Sorocaba,2
2024-04-07,09:28,São Paulo,5
2024-04-05,01:03,Campinas,4
2024-04-06,04:03,Ribeirão Preto,2
2024-04-07,04:54,São Paulo,1
2024-04-03,03:37,Ribeirão Preto,2
2024-04-05,13:02,Ribeirão Preto,1
2024-04-02,09:39,Ribeirão Preto,1
2024-04-03,03:01,Ribeirão Preto,1
2024-04-06,01:28,Ribeirão Preto,4
2024-04-03,17:48,Sorocaba,4
2024-04-03,03:27,Sorocaba,3
2024-04-07,06:11,Ribeirão Preto,4
2024-04-02,04:43,São Paulo,1
2024-04-06,01:14,Ribeirão Preto,5
2024-04-02,13:49,Ribeirão Preto,2
2024-04-04,06:40,Ribeirão Preto,5
2024-04-06,02:30,Ribeirão Preto,1
2024-04-02,22:52,Sorocaba,5
2024-04-06,09:36,Ribeirão Preto,2
2024-04-02,15:31,Sorocaba,3
2024-04-05,08:21,Campinas,3
2024-04-02,04:02,Ribeirão Preto,4
2024-04-06,03:16,Campinas,5
2024-04-01,04:28,Ribeirão Preto,4
2024-04-05,04:55,Ribeirão Preto,4
2024-04-06,09:54,Sorocaba,5
2024-04-06,15:11,Campinas,5
2024-04-06,08:13,Ribeirão Preto,2
2024-04-04,03:07,Ribeirão Preto,5
2024-04-01,02:40,Ribeirão Preto,5
2024-04-04,02:01,Ribeirão Preto,4
2024-04-03,16:52,Ribeirão Preto,3
2024-04-07,02:33,Ribeirão Preto,1
2024-04-03,02:23,São Paulo,3
2024-04-03,02:47,Ribeirão Preto,5
2024-04-07,04:19,Ribeirão Preto,1
2024-04-02,15:42,Sorocaba,5
2024-04-07,20:51,Ribeirão Preto,2
2024-04-02,03:09,São José do Rio Preto,5
2024-04-05,23:39,Campinas,1
2024-04-01,23:06,Campinas,2
2024-04-07,13:00,Ribeirão Preto,1
2024-04-01,14:54,Campinas,2
2024-04-06,13:09,São José do Rio Preto,4
2024-04-03,03:50,Ribeirão Preto,1
2024-04-03,04:04,São Paulo,4
2024-04-06,02:55,Ribeirão Preto,4
2024-04-02,03:53,Sorocaba,5
2024-04-04,23:39,São Paulo,3
2024-04-06,04:20,Ribeirão Preto,2
2024-04-07,02:57,Ribeirão Preto,1
2024-04-01,03:08,Ribeirão Preto,4
2024-04-01,20:28,Campinas,5
2024-04-04,03:30,Ribeirão Preto,1
2024-04-01,04:44,Ribeirão Preto,5
2024-04-01,13:45,Ribeirão Preto,1
2024-04-07,18:26,São José do Rio Preto,5
2024-04-02,01:05,São José do Rio Preto,5
2024-04-01,05:42,São Paulo,3
2024-04-03,22:30,Campinas,4
2024-04-03,11:40,Ribeirão Preto,2
2024-04-05,22:44,São Paulo,2
2024-04-02,01:35,Ribeirão Preto,1
2024-04-02,19:01,São Paulo,1
2024-04-03,04:55,Ribeirão Preto,3
2024-04-02,01:20,São Paulo,1
2024-04-07,23:33,São Paulo,2
2024-04-02,02:21,Sorocaba,4
2024-04-05,01:12,Campinas,3
2024-04-04,19:18,São Paulo,1
2024-04-06,01:32,Ribeirão Preto,3
2024-04-01,04:59,São Paulo,3
2024-04-05,02:37,Sorocaba,3
2024-04-07,19:58,Ribeirão Preto,1
2024-04-04,12:39,Ribeirão Preto,5
2024-04-01,20:48,Sorocaba,1
2024-04-03,01:02,Sorocaba,1
2024-04-04,22:37,Campinas,1
2024-04-01,22:57,Campinas,1
2024-04-05,13:18,Campinas,1
2024-04-01,05:06,São Paulo,3
2024-04-02,18:14,Ribeirão Preto,3
2024-04-06,02:37,Campinas,1
2024-04-01,01:24,Campinas,4
2024-04-03,07:21,Ribeirão Preto,4
2024-04-05,03:22,Ribeirão Preto,5
2024-04-07,05:49,Sorocaba,4
2024-04-04,12:09,São Paulo,2
2024-04-01,02:35,Ribeirão Preto,2
2024-04-05,09:36,Campinas,4
2024-04-03,08:49,São José do Rio Preto,1
2024-04-07,01:58,Campinas,4
2024-04-06,08:41,Ribeirão Preto,2
2024-04-04,03:41,São José do Rio Preto,4
2024-04-07,10:41,Campinas,3
2024-04-01,03:06,Sorocaba,5
2024-04-03,02:51,Campinas,3
2024-04-02,01:45,São Paulo,3
2024-04-05,13:24,São Paulo,5
2024-04-05,06:39,São José do Rio Preto,1
2024-04-01,04:57,Campinas,5
2024-04-03,05:40,Campinas,1
2024-04-04,01:23,São José do Rio Preto,2
2024-04-04,01:04,Ribeirão Preto,4
2024-04-04,04:56,Ribeirão Preto,2
2024-04-04,01:20,Ribeirão Preto,2
2024-04-01,01:39,São Paulo,2
2024-04-01,20:19,Sorocaba,4
2024-04-07,18:28,Sorocaba,1
2024-04-05,01:36,São Paulo,5
2024-04-07,01:58,Ribeirão Preto,1
2024-04-03,02:19,Sorocaba,1
2024-04-02,04:17,Campinas,3
2024-04-01,02:03,Ribeirão Preto,4
2024-04-07,01:10,Ribeirão Preto,1
2024-04-04,13:52,Sorocaba,1
2024-04-02,06:21,São Paulo,2
2024-04-07,04:51,Sorocaba,3
2024-04-05,10:42,Campinas,5
2024-04-04,01:13,São Paulo,3
2024-04-06,08:57,Ribeirão Preto,2
2024-04-03,02:44,Campinas,2
2024-04-02,07:27,Ribeirão Preto,2
2024-04-05,16:03,Ribeirão Preto,4
2024-04-07,03:15,Ribeirão Preto,2
2024-04-01,01:37,Ribeirão Preto,1
2024-04-03,02:22,São José do Rio Preto,4
2024-04-04,01:12,Sorocaba,2
2024-04-02,21:54,Ribeirão Preto,4
2024-04-05,12:19,Ribeirão Preto,1
2024-04-02,02:04,Ribeirão Preto,2
2024-04-03,13:18,Ribeirão Preto,2
2024-04-07,10:20,Campinas,1
2024-04-01,01:41,São Paulo,2
2024-04-01,02:04,Ribeirão Preto,1
2024-04-07,02:13,São Paulo,2
2024-04-06,03:35,Campinas,2
2024-04-03,19:05,Ribeirão Preto,3
2024-04-04,04:04,Campinas,4
2024-04-02,05:23,São Paulo,5
2024-04-04,04:28,Ribeirão Preto,3
2024-04-05,02:28,Ribeirão Preto,3
2024-04-04,04:01,Ribeirão Preto,4
2024-04-06,02:05,Ribeirão Preto,3
2024-04-03,22:33,Ribeirão Preto,1
2024-04-06,16:11,Campinas,3
2024-04-01,02:21,Campinas,5
2024-04-06,02:03,Sorocaba,1
2024-04-03,02:44,Ribeirão Preto,4
2024-04-03,23:48,Campinas,4
2024-04-02,23:05,Ribeirão Preto,4
2024-04-03,02:02,Campinas,1
2024-04-05,05:12,Campinas,4
2024-04-02,03:22,Sorocaba,4
2024-04-02,03:34,Ribeirão Preto,5
2024-04-04,01:25,Ribeirão Preto,2
2024-04-06,11:51,Campinas,2
2024-04-03,08:08,Campinas,2
2024-04-04,05:22,São José do Rio Preto,4
2024-04-04,15:03,Sorocaba,1
2024-04-06,01:33,Sorocaba,4
2024-04-02,02:36,Ribeirão Preto,2
2024-04-04,03:07,Ribeirão Preto,5
2024-04-04,23:33,Ribeirão Preto,4
2024-04-02,20:56,São José do Rio Preto,4
2024-04-02,04:36,Campinas,4
2024-04-01,03:05,São José do Rio Preto,1
2024-04-03,15:06,Ribeirão Preto,5
2024-04-01,04:44,Ribeirão Preto,5
2024-04-06,03:40,Campinas,5
2024-04-07,01:38,Sorocaba,5
2024-04-02,15:35,Sorocaba,2
2024-04-05,19:04,Ribeirão Preto,4
2024-04-04,17:59,Campinas,5
2024-04-04,13:02,Ribeirão Preto,3
2024-04-02,17:16,Ribeirão Preto,3
2024-04-04,15:18,Ribeirão Preto,2
2024-04-01,02:44,São José do Rio Preto,3
2024-04-04,03:00,Ribeirão Preto,3
2024-04-05,02:36,Ribeirão Preto,3
2024-04-03,04:54,Ribeirão Preto,2
2024-04-06,10:08,Ribeirão Preto,4
2024-04-06,13:03,Campinas,2
2024-04-06,04:41,Sorocaba,1
2024-04-07,01:45,Ribeirão Preto,1
2024-04-01,01:09,São Paulo,3
2024-04-03,23:31,São José do Rio Preto,3
2024-04-03,19:00,São José do Rio Preto,4
2024-04-05,04:22,Campinas,3
2024-04-06,19:50,Ribeirão Preto,1
2024-04-05,01:16,São José do Rio Preto,3
2024-04-05,06:51,Sorocaba,4
2024-04-05,03:29,São José do Rio Preto,1
2024-04-06,01:26,Ribeirão Preto,3
2024-04-01,10:56,Campinas,4
2024-04-07,06:14,Campinas,4
2024-04-05,01:53,Ribeirão Preto,1
2024-04-01,02:37,São José do Rio Preto,1
2024-04-04,01:06,Ribeirão Preto,1
2024-04-03,14:32,São Paulo,4
2024-04-06,01:04,Ribeirão Preto,1
2024-04-04,10:51,Ribeirão Preto,1
2024-04-07,09:51,Ribeirão Preto,4
2024-04-04,09:38,Ribeirão Preto,4
2024-04-02,03:33,Campinas,1
2024-04-06,04:52,Campinas,1
2024-04-04,01:54,Sorocaba,1
2024-04-04,04:02,Campinas,4
2024-04-02,03:31,Campinas,5
2024-04-06,01:01,Ribeirão Preto,2
2024-04-07,14:15,Sorocaba,3
2024-04-04,03:59,São Paulo,2
2024-04-02,01:16,Campinas,4
2024-04-07,14:52,Ribeirão Preto,5
2024-04-01,01:11,Campinas,4
2024-04-03,04:59,Ribeirão Preto,1
2024-04-05,01:04,Ribeirão Preto,3
2024-04-04,07:03,Sorocaba,2
2024-04-07,04:55,Campinas,4
2024-04-01,21:15,Ribeirão Preto,5
2024-04-03,02:17,Sorocaba,1
2024-04-07,03:44,São Paulo,5
2024-04-07,14:59,São Paulo,3
2024-04-07,09:19,Ribeirão Preto,5
2024-04-01,23:52,Ribeirão Preto,5
2024-04-02,15:08,Ribeirão Preto,1
2024-04-07,10:15,São Paulo,5
2024-04-01,03:34,Ribeirão Preto,1
2024-04-07,02:28,Ribeirão Preto,3
2024-04-04,14:48,Ribeirão Preto,4
2024-04-04,01:29,Ribeirão Preto,1
2024-04-06,02:19,Ribeirão Preto,4
2024-04-05,02:41,Ribeirão Preto,2
2024-04-05,23:21,Ribeirão Preto,5
2024-04-04,04:22,Campinas,4
2024-04-01,01:51,Campinas,5
2024-04-07,01:35,Sorocaba,1
2024-04-07,05:21,Ribeirão Preto,5
2024-04-06,07:00,Ribeirão Preto,3
2024-04-06,22:20,Ribeirão Preto,4
2024-04-07,18:47,Sorocaba,5
2024-04-07,23:42,Ribeirão Preto,4
2024-04-04,06:18,São José do Rio Preto,4
2024-04-01,04:07,Campinas,3
2024-04-04,06:04,Campinas,1
2024-04-03,17:54,Ribeirão Preto,5
2024-04-01,08:55,São José do Rio Preto,2
2024-04-02,08:39,Sorocaba,4
2024-04-07,10:28,Campinas,1
2024-04-02,01:17,Ribeirão Preto,2
2024-04-07,05:28,Ribeirão Preto,4
2024-04-07,03:14,Campinas,2
2024-04-05,01:49,Campinas,5
2024-04-03,03:44,Ribeirão Preto,5
2024-04-02,03:30,Sorocaba,4
2024-04-07,02:14,Campinas,4
2024-04-04,02:57,Ribeirão Preto,5
2024-04-02,14:52,Ribeirão Preto,1
2024-04-04,20:44,São José do Rio Preto,2
2024-04-03,03:02,Ribeirão Preto,4
2024-04-06,20:43,São Paulo,4
2024-04-06,01:43,Ribeirão Preto,3
2024-04-06,04:41,Sorocaba,2
2024-04-07,12:32,Ribeirão Preto,5
2024-04-05,02:23,Ribeirão Preto,4
2024-04-06,04:37,Ribeirão Preto,4
2024-04-02,02:50,São Paulo,5
2024-04-05,10:23,Ribeirão Preto,2
2024-04-06,08:12,São José do Rio Preto,1
2024-04-06,02:26,Campinas,5
2024-04-03,22:32,São Paulo,1
2024-04-01,01:18,Campinas,4
2024-04-06,14:24,Sorocaba,1
2024-04-03,01:05,Campinas,1
2024-04-03,11:32,Ribeirão Preto,5
2024-04-07,03:24,São Paulo,4
2024-04-03,03:22,São Paulo,2
2024-04-01,19:48,Sorocaba,3
2024-04-01,10:16,Sorocaba,1
2024-04-03,22:20,Ribeirão Preto,4
2024-04-01,23:42,Campinas,3
2024-04-04,10:19,Campinas,2
2024-04-03,16:11,São Paulo,3
2024-04-06,18:55,Ribeirão Preto,2
2024-04-02,03:12,Ribeirão Preto,3
2024-04-04,01:17,Ribeirão Preto,2
2024-04-03,02:21,Ribeirão Preto,1
2024-04-02,02:23,Ribeirão Preto,3
2024-04-07,03:32,São José do Rio Preto,2
2024-04-06,17:02,Ribeirão Preto,4
2024-04-02,02:16,Ribeirão Preto,5
2024-04-05,11:38,Ribeirão Preto,3
2024-04-07,07:31,Ribeirão Preto,3
2024-04-05,04:16,Sorocaba,3
2024-04-07,02:47,Sorocaba,3
2024-04-02,06:43,Ribeirão Preto,5
2024-04-03,04:24,Ribeirão Preto,3
2024-04-03,01:07,São José do Rio Preto,1
2024-04-03,01:42,Ribeirão Preto,1
2024-04-03,01:34,Ribeirão Preto,4
2024-04-02,16:59,Sorocaba,5
2024-04-06,03:28,Ribeirão Preto,4
2024-04-01,12:11,Campinas,1
2024-04-07,09:35,Campinas,3
2024-04-01,17:08,Ribeirão Preto,3
2024-04-06,03:25,Ribeirão Preto,2
2024-04-06,10:21,Sorocaba,5
2024-04-07,20:52,Campinas,2
2024-04-03,11:30,Ribeirão Preto,5
2024-04-05,07:52,Ribeirão Preto,5
2024-04-02,02:48,São José do Rio Preto,3
2024-04-01,09:47,Ribeirão Preto,3
2024-04-06,01:43,Ribeirão Preto,4
2024-04-02,04:29,Ribeirão Preto,1
2024-04-05,03:14,São Paulo,1
2024-04-06,03:46,Sorocaba,3
2024-04-02,19:32,Campinas,1
2024-04-05,02:02,Ribeirão Preto,5
2024-04-06,01:33,Ribeirão Preto,1
2024-04-05,19:57,São Paulo,4
2024-04-07,03:16,Ribeirão Preto,1
2024-04-04,02:43,Ribeirão Preto,1
2024-04-06,11:04,São Paulo,4
2024-04-05,02:29,Ribeirão Preto,4
2024-04-04,01:42,Ribeirão Preto,3
2024-04-06,03:50,Ribeirão Preto,4
2024-04-06,11:14,São Paulo,3
2024-04-05,02:38,Ribeirão Preto,5
2024-04-07,02:07,Ribeirão Preto,2
2024-04-05,04:41,São José do Rio Preto,1
2024-04-02,13:37,Ribeirão Preto,4
2024-04-07,08:27,Campinas,1
2024-04-07,08:20,Ribeirão Preto,5
2024-04-04,02:46,Ribeirão Preto,2
2024-04-06,03:09,Ribeirão Preto,4
2024-04-01,03:27,São José do Rio Preto,3
2024-04-01,17:20,São José do Rio Preto,3
2024-04-02,02:48,Ribeirão Preto,4
2024-04-01,02:27,Ribeirão Preto,4
2024-04-01,03:21,Campinas,5
2024-04-05,16:37,Ribeirão Preto,2
2024-04-03,02:18,Ribeirão Preto,4
2024-04-03,03:51,Campinas,3
2024-04-01,13:51,Campinas,2
2024-04-02,02:37,São José do Rio Preto,4
2024-04-02,23:45,Sorocaba,2
2024-04-04,21:23,Ribeirão Preto,5
2024-04-02,01:27,Campinas,4
2024-04-02,06:44,Ribeirão Preto,4
2024-04-05,03:12,Campinas,2
2024-04-05,20:08,Campinas,4
2024-04-06,02:08,São Paulo,2
2024-04-01,04:20,Ribeirão Preto,2
2024-04-06,03:23,Ribeirão Preto,4
2024-04-02,02:30,Campinas,3
2024-04-03,14:28,Campinas,5
2024-04-02,13:39,Ribeirão Preto,2
2024-04-07,17:09,Ribeirão Preto,3
2024-04-02,01:51,Sorocaba,2
2024-04-01,15:03,Ribeirão Preto,3
2024-04-03,02:02,Ribeirão Preto,4
2024-04-01,03:12,Ribeirão Preto,5
2024-04-02,03:20,Ribeirão Preto,3
2024-04-03,15:07,Ribeirão Preto,1
2024-04-02,02:55,Sorocaba,2
2024-04-06,03:08,Sorocaba,3
2024-04-01,03:45,Campinas,5
2024-04-07,21:00,São José do Rio Preto,5
2024-04-01,08:13,São José do Rio Preto,5
2024-04-05,02:11,Sorocaba,3
2024-04-03,10:35,Ribeirão Preto,3
2024-04-05,18:21,Sorocaba,4
2024-04-06,01:52,Ribeirão Preto,1
2024-04-07,02:35,Campinas,3
2024-04-03,01:44,Sorocaba,4
2024-04-04,04:15,Ribeirão Preto,2
2024-04-07,04:10,Campinas,1
2024-04-03,04:02,Sorocaba,5
2024-04-07,05:33,Sorocaba,1
2024-04-07,06:24,Sorocaba,2
2024-04-02,23:25,Sorocaba,3
2024-04-03,13:02,Ribeirão Preto,3
2024-04-05,01:19,Ribeirão Preto,4
2024-04-01,03:30,São José do Rio Preto,3
2024-04-01,17:48,Campinas,3
2024-04-03,17:00,Sorocaba,1
2024-04-04,04:25,Ribeirão Preto,2
2024-04-01,17:24,São José do Rio Preto,5
2024-04-06,01:10,Ribeirão Preto,5
2024-04-01,01:15,Campinas,4
2024-04-07,23:19,Sorocaba,2
2024-04-06,13:41,Ribeirão Preto,1
2024-04-06,02:51,Campinas,5
2024-04-06,23:37,São Paulo,4
2024-04-01,04:01,Ribeirão Preto,3
2024-04-04,18:53,Campinas,3
2024-04-05,10:28,Sorocaba,1
2024-04-03,17:06,Campinas,5
2024-04-06,02:48,Ribeirão Preto,3
2024-04-04,04:39,Ribeirão Preto,4
2024-04-07,03:44,Ribeirão Preto,4
2024-04-07,01:53,Campinas,5
2024-04-03,08:24,Ribeirão Preto,1
2024-04-02,03:03,Ribeirão Preto,4
2024-04-06,23:42,Ribeirão Preto,2
2024-04-03,19:33,Sorocaba,4
2024-04-06,02:24,Ribeirão Preto,1
2024-04-01,02:07,Ribeirão Preto,4
2024-04-04,03:31,Ribeirão Preto,3
2024-04-06,02:17,Ribeirão Preto,1
2024-04-04,19:39,São Paulo,3
2024-04-05,04:10,São Paulo,3
2024-04-02,02:55,Ribeirão Preto,5
2024-04-07,15:36,Campinas,1
2024-04-07,05:38,Sorocaba,3
2024-04-05,13:54,Ribeirão Preto,5
2024-04-05,13:35,São José do Rio Preto,5
2024-04-02,03:53,Sorocaba,3
2024-04-01,18:09,São José do Rio Preto,3
2024-04-04,03:05,Ribeirão Preto,2
2024-04-03,19:44,Ribeirão Preto,1
2024-04-02,03:15,Ribeirão Preto,5
2024-04-05,18:53,São José do Rio Preto,1
2024-04-07,01:24,Ribeirão Preto,5
2024-04-03,20:33,Campinas,4
2024-04-06,05:30,Campinas,4
2024-04-02,12:57,Ribeirão Preto,5
2024-04-06,16:55,Ribeirão Preto,2
2024-04-02,04:46,Ribeirão Preto,4
2024-04-01,03:07,Sorocaba,1
2024-04-06,04:16,Ribeirão Preto,3
2024-04-01,03:58,Ribeirão Preto,1
2024-04-04,02:13,São Paulo,1
2024-04-04,19:29,Ribeirão Preto,1
2024-04-03,13:17,São Paulo,5
2024-04-04,21:45,Ribeirão Preto,5
2024-04-06,18:35,Sorocaba,1
2024-04-06,01:20,Ribeirão Preto,3
2024-04-02,01:52,Campinas,2
2024-04-02,04:30,Sorocaba,2
2024-04-02,06:53,Ribeirão Preto,4
2024-04-06,01:54,Ribeirão Preto,4
2024-04-02,21:32,Ribeirão Preto,3
2024-04-01,02:22,Ribeirão Preto,1
2024-04-02,07:37,São Paulo,5
2024-04-02,12:04,Sorocaba,4
2024-04-02,04:14,Campinas,1
2024-04-05,14:29,São Paulo,2
2024-04-06,02:15,Ribeirão Preto,3
2024-04-06,04:53,Ribeirão Preto,5
2024-04-03,01:58,São Paulo,5
2024-04-06,04:39,Campinas,4
2024-04-07,10:28,Ribeirão Preto,1
2024-04-03,03:27,Sorocaba,5
2024-04-02,11:05,Campinas,2
2024-04-06,08:04,Campinas,2
2024-04-02,17:37,Sorocaba,3
2024-04-03,04:24,Ribeirão Preto,3
2024-04-04,21:27,Ribeirão Preto,2
2024-04-05,01:00,Ribeirão Preto,2
2024-04-05,02:13,Ribeirão Preto,1
2024-04-06,23:18,Sorocaba,5
2024-04-04,02:30,São Paulo,1
2024-04-02,12:50,Ribeirão Preto,3
2024-04-03,04:56,Campinas,3
2024-04-07,01:14,Ribeirão Preto,3
2024-04-05,07:18,Campinas,5
2024-04-04,11:37,Ribeirão Preto,4
2024-04-07,13:31,Ribeirão Preto,3
2024-04-04,01:56,Ribeirão Preto,3
2024-04-01,03:30,Sorocaba,1
2024-04-06,01:57,Sorocaba,1
2024-04-04,03:36,Ribeirão Preto,4
2024-04-01,15:25,Ribeirão Preto,4
2024-04-01,15:47,São Paulo,4
2024-04-06,13:58,São Paulo,4
2024-04-05,03:40,Campinas,1
2024-04-07,01:24,São José do Rio Preto,3
2024-04-07,20:46,Sorocaba,1
2024-04-02,03:53,Ribeirão Preto,2
2024-04-02,03:39,Ribeirão Preto,2
2024-04-04,04:56,Ribeirão Preto,3
2024-04-03,04:56,Ribeirão Preto,4
2024-04-07,03:07,Ribeirão Preto,3
2024-04-07,08:03,Ribeirão Preto,2
2024-04-03,16:30,Campinas,3
2024-04-01,04:55,Sorocaba,4
2024-04-07,04:31,Ribeirão Preto,1
2024-04-06,14:33,Sorocaba,4
2024-04-04,03:47,Ribeirão Preto,1
2024-04-04,03:02,Sorocaba,2
2024-04-02,07:40,Ribeirão Preto,5
2024-04-03,02:25,Sorocaba,3
2024-04-05,02:03,Sorocaba,5
2024-04-07,15:01,Campinas,4
2024-04-07,23:18,São Paulo,1
2024-04-06,03:22,São José do Rio Preto,4
2024-04-04,04:24,Campinas,4
2024-04-04,02:46,Ribeirão Preto,2
2024-04-02,08:06,Ribeirão Preto,4
2024-04-05,12:07,São Paulo,3
2024-04-05,03:02,Ribeirão Preto,2
2024-04-05,02:22,Ribeirão Preto,5
2024-04-06,23:46,Campinas,4
2024-04-05,02:32,Ribeirão Preto,5
2024-04-07,04:47,Sorocaba,3
2024-04-03,03:27,Ribeirão Preto,3
2024-04-06,18:21,Sorocaba,3
2024-04-07,01:34,São Paulo,5
2024-04-01,23:33,Ribeirão Preto,5
2024-04-07,02:29,Campinas,1
2024-04-05,15:46,Campinas,2
2024-04-01,02:35,Ribeirão Preto,4
2024-04-01,01:58,Campinas,2
2024-04-07,02:13,Campinas,3
2024-04-02,22:08,Sorocaba,4
2024-04-05,22:21,São José do Rio Preto,1
2024-04-03,01:27,São Paulo,2
2024-04-02,20:40,Ribeirão Preto,3
2024-04-07,04:13,Campinas,4
2024-04-02,02:14,Sorocaba,4
2024-04-07,03:55,Ribeirão Preto,3
2024-04-01,01:36,Ribeirão Preto,5
2024-04-04,02:23,Ribeirão Preto,2
2024-04-03,03:33,São Paulo,4
2024-04-06,13:55,Campinas,5
2024-04-05,20:48,Ribeirão Preto,1
2024-04-05,16:42,São José do Rio Preto,4
2024-04-03,19:44,Sorocaba,4
2024-04-05,14:43,Sorocaba,1
2024-04-04,01:02,Campinas,1
2024-04-06,06:22,São José do Rio Preto,4
2024-04-04,07:19,Ribeirão Preto,3
2024-04-05,03:44,Ribeirão Preto,1
2024-04-02,03:14,Sorocaba,5
2024-04-06,04:42,Ribeirão Preto,1
2024-04-06,01:15,Ribeirão Preto,4
2024-04-05,01:06,Ribeirão Preto,4
2024-04-05,03:32,Sorocaba,2
2024-04-03,16:54,São José do Rio Preto,5
2024-04-04,03:18,Campinas,2
2024-04-06,03:17,São José do Rio Preto,1
2024-04-02,22:40,Sorocaba,2
2024-04-03,07:17,Ribeirão Preto,4
2024-04-03,03:02,Campinas,3
2024-04-02,14:02,Ribeirão Preto,1
2024-04-02,01:35,Sorocaba,4
2024-04-03,17:15,Ribeirão Preto,1
2024-04-05,04:42,Campinas,2
2024-04-07,02:22,Ribeirão Preto,2
2024-04-02,10:22,São José do Rio Preto,1
2024-04-06,12:14,Sorocaba,1
2024-04-01,04:08,Campinas,2
2024-04-02,07:57,Ribeirão Preto,1
2024-04-06,06:39,São José do Rio Preto,2
2024-04-03,09:53,São Paulo,1
2024-04-01,03:37,São Paulo,3
2024-04-03,02:52,Ribeirão Preto,1
2024-04-04,04:17,Ribeirão Preto,1
2024-04-04,18:37,São Paulo,4
2024-04-05,04:05,São José do Rio Preto,3
2024-04-02,11:43,Ribeirão Preto,2
2024-04-07,03:36,Ribeirão Preto,2
2024-04-07,01:45,Ribeirão Preto,5
2024-04-03,19:05,Ribeirão Preto,3
2024-04-01,01:20,Ribeirão Preto,3
2024-04-06,04:58,Ribeirão Preto,1
2024-04-02,03:29,Ribeirão Preto,4
2024-04-05,12:27,Ribeirão Preto,2
2024-04-03,22:19,Sorocaba,2
2024-04-06,01:18,Sorocaba,4
2024-04-06,03:13,Sorocaba,4
2024-04-03,07:00,Campinas,3
2024-04-04,07:26,São Paulo,4
2024-04-05,02:51,Sorocaba,4
2024-04-06,04:31,São Paulo,1
2024-04-03,04:28,Campinas,3
2024-04-04,03:30,Ribeirão Preto,5
2024-04-07,01:24,Sorocaba,5
2024-04-07,02:54,Sorocaba,2
2024-04-04,02:06,Ribeirão Preto,4
2024-04-01,17:38,São José do Rio Preto,1
2024-04-06,15:45,Ribeirão Preto,4
2024-04-05,03:51,Ribeirão Preto,2
2024-04-05,03:15,Campinas,4
2024-04-07,01:43,Ribeirão Preto,5
2024-04-03,18:54,Sorocaba,3
2024-04-07,16:10,Campinas,4
2024-04-01,03:17,Ribeirão Preto,5
2024-04-02,09:43,São José do Rio Preto,5
2024-04-03,01:55,Campinas,2
2024-04-04,01:41,Campinas,3
2024-04-02,19:55,Sorocaba,2
2024-04-02,19:56,São Paulo,1
2024-04-06,22:04,Ribeirão Preto,3
2024-04-03,23:57,Ribeirão Preto,1
2024-04-06,01:55,Ribeirão Preto,3
2024-04-01,04:01,Campinas,5
2024-04-05,23:09,Ribeirão Preto,1
2024-04-01,01:25,São Paulo,3
2024-04-03,15:23,Campinas,3
2024-04-05,20:25,Ribeirão Preto,1
2024-04-02,03:15,Campinas,3
2024-04-07,15:24,Ribeirão Preto,2
2024-04-07,14:37,Campinas,2
2024-04-04,01:05,Ribeirão Preto,1
2024-04-06,09:51,São José do Rio Preto,5
2024-04-01,07:55,Ribeirão Preto,4
2024-04-06,03:54,Ribeirão Preto,1
2024-04-06,01:11,Ribeirão Preto,1
2024-04-07,01:08,Sorocaba,1
2024-04-05,01:48,São José do Rio Preto,1
2024-04-01,07:41,Ribeirão Preto,2
2024-04-05,01:07,Campinas,1
2024-04-04,12:55,Ribeirão Preto,5
2024-04-06,21:30,Ribeirão Preto,4
2024-04-03,10:40,Campinas,4
2024-04-07,03:31,Campinas,5
2024-04-03,22:06,Ribeirão Preto,1
2024-04-05,08:31,Sorocaba,4
2024-04-05,03:56,Sorocaba,2
2024-04-03,08:41,Ribeirão Preto,4
2024-04-02,01:55,São José do Rio Preto,5
2024-04-07,02:56,Ribeirão Preto,4
2024-04-02,18:24,Ribeirão Preto,5
2024-04-07,04:32,Sorocaba,1
2024-04-02,01:50,Campinas,4
2024-04-07,04:53,Campinas,5
2024-04-04,06:27,São José do Rio Preto,2
2024-04-05,03:10,São José do Rio Preto,2
2024-04-01,04:30,Sorocaba,3
2024-04-01,04:54,Campinas,4
2024-04-05,02:51,Ribeirão Preto,1
2024-04-03,04:09,Ribeirão Preto,3
2024-04-05,07:01,Campinas,4
2024-04-02,06:45,Ribeirão Preto,2
2024-04-02,11:43,Ribeirão Preto,1
2024-04-01,02:03,Campinas,2
2024-04-05,02:21,São José do Rio Preto,4
2024-04-01,21:44,Ribeirão Preto,1
2024-04-03,03:51,Ribeirão Preto,1
2024-04-06,22:27,Ribeirão Preto,3
2024-04-06,02:09,Sorocaba,1
2024-04-06,13:01,Ribeirão Preto,4
2024-04-04,02:56,Ribeirão Preto,5
2024-04-07,03:48,Campinas,5
2024-04-04,21:30,Ribeirão Preto,1
2024-04-03,03:41,Ribeirão Preto,5
2024-04-02,03:22,Ribeirão Preto,4
2024-04-02,02:15,Ribeirão Preto,3
2024-04-02,22:08,Ribeirão Preto,2
2024-04-01,04:50,Ribeirão Preto,2
2024-04-07,06:42,Ribeirão Preto,4
2024-04-06,03:05,São Paulo,3
2024-04-01,02:56,Ribeirão Preto,4
2024-04-04,02:24,Sorocaba,1
2024-04-02,02:03,Campinas,3
2024-04-02,01:47,São Paulo,5
2024-04-07,23:11,São Paulo,1
2024-04-06,04:23,São Paulo,5
2024-04-07,03:55,Sorocaba,1
2024-04-03,04:26,Ribeirão Preto,1
2024-04-04,15:47,Campinas,1
2024-04-06,02:54,São José do Rio Preto,1
2024-04-01,04:53,Campinas,3
2024-04-04,21:02,Ribeirão Preto,3
2024-04-06,03:11,Ribeirão Preto,1
2024-04-02,03:46,São Paulo,4
2024-04-02,03:51,Ribeirão Preto,1
2024-04-01,02:29,Campinas,1
2024-04-07,07:11,Sorocaba,4
2024-04-01,16:40,São Paulo,4
2024-04-04,18:41,São Paulo,1
2024-04-05,02:54,Ribeirão Preto,2
2024-04-02,03:58,Sorocaba,2
2024-04-02,04:39,Ribeirão Preto,4
2024-04-05,12:44,Ribeirão Preto,1
2024-04-04,20:21,Campinas,5
2024-04-03,21:14,Campinas,5
2024-04-03,04:27,Ribeirão Preto,1
2024-04-02,14:16,Ribeirão Preto,1
2024-04-03,03:58,Ribeirão Preto,1
2024-04-07,18:43,Sorocaba,5
2024-04-04,02:47,São Paulo,5
2024-04-03,03:24,Ribeirão Preto,4
2024-04-01,20:42,Ribeirão Preto,3
2024-04-04,04:50,Campinas,4
2024-04-05,04:44,Ribeirão Preto,4
2024-04-02,15:02,Campinas,2
2024-04-04,23:56,Campinas,4
2024-04-03,03:35,São José do Rio Preto,4
2024-04-04,12:30,Sorocaba,4
2024-04-06,11:55,Ribeirão Preto,4
2024-04-05,11:14,Ribeirão Preto,3
2024-04-06,01:45,Ribeirão Preto,2
2024-04-04,04:27,Campinas,5
2024-04-05,02:42,Ribeirão Preto,1
2024-04-05,04:30,São Paulo,5
2024-04-04,16:59,Ribeirão Preto,2
2024-04-02,09:44,Sorocaba,4
2024-04-07,05:19,Sorocaba,5
2024-04-02,03:49,Sorocaba,4
2024-04-03,03:44,Campinas,3
2024-04-06,10:20,Ribeirão Preto,3
2024-04-04,01:26,São José do Rio Preto,2
2024-04-06,10:18,Sorocaba,5
2024-04-06,03:35,São Paulo,3
2024-04-04,01:11,Sorocaba,2
2024-04-01,20:34,Ribeirão Preto,2
2024-04-02,14:47,Campinas,2
2024-04-05,01:32,Ribeirão Preto,5
2024-04-01,19:35,Campinas,5
2024-04-04,06:40,Ribeirão Preto,2
2024-04-01,01:22,São Paulo,1
2024-04-02,04:12,Ribeirão Preto,5
2024-04-04,11:53,São José do Rio Preto,5
2024-04-06,04:29,Sorocaba,1
2024-04-06,01:09,Ribeirão Preto,5
2024-04-02,02:40,Ribeirão Preto,5
2024-04-01,18:19,Ribeirão Preto,3
2024-04-03,02:05,Sorocaba,1
2024-04-07,01:30,Sorocaba,3
2024-04-05,10:18,Sorocaba,1
2024-04-05,02:02,Campinas,1
2024-04-07,03:09,Ribeirão Preto,1
2024-04-07,19:09,Sorocaba,5
2024-04-03,09:55,Sorocaba,2
2024-04-03,05:20,Ribeirão Preto,4
2024-04-03,02:55,Ribeirão Preto,2
2024-04-02,01:56,Campinas,5
2024-04-04,07:01,Ribeirão Preto,5
2024-04-03,09:44,Ribeirão Preto,4
2024-04-02,02:38,São José do Rio Preto,5
2024-04-06,04:44,Sorocaba,1
2024-04-01,04:29,Campinas,3
2024-04-01,01:45,Ribeirão Preto,3
2024-04-03,07:27,Campinas,1
2024-04-01,04:17,Campinas,2
2024-04-03,23:13,Campinas,3
2024-04-01,14:54,São José do Rio Preto,1
2024-04-01,08:58,São José do Rio Preto,2
2024-04-04,04:44,Ribeirão Preto,3
2024-04-07,01:18,Ribeirão Preto,1
2024-04-04,01:39,Sorocaba,3
2024-04-01,02:35,Ribeirão Preto,3
2024-04-04,01:40,Ribeirão Preto,3
2024-04-03,10:11,Sorocaba,4
2024-04-05,18:19,Ribeirão Preto,2
2024-04-03,03:33,São José do Rio Preto,3
2024-04-04,02:35,Ribeirão Preto,1
2024-04-02,02:20,Ribeirão Preto,4
2024-04-07,06:55,Campinas,5
2024-04-01,03:18,São José do Rio Preto,5
2024-04-04,08:40,São Paulo,2
2024-04-06,10:40,São José do Rio Preto,1
2024-04-06,08:42,São José do Rio Preto,4
2024-04-07,04:41,Sorocaba,1
2024-04-07,04:34,Ribeirão Preto,4
2024-04-04,04:07,Ribeirão Preto,4
2024-04-04,17:21,São José do Rio Preto,5
2024-04-06,03:42,São José do Rio Preto,2
2024-04-07,14:37,Sorocaba,2
2024-04-03,03:17,São Paulo,1
2024-04-07,03:07,Ribeirão Preto,4
2024-04-01,15:54,Sorocaba,4
2024-04-05,23:01,Ribeirão Preto,3
2024-04-06,15:19,Campinas,2
2024-04-06,03:04,Ribeirão Preto,4
2024-04-06,02:56,São Paulo,1
2024-04-07,03:41,Sorocaba,5
2024-04-07,20:29,Ribeirão Preto,5
2024-04-04,08:17,Ribeirão Preto,2
2024-04-07,11:43,Sorocaba,2
2024-04-02,12:59,São José do Rio Preto,3
2024-04-06,14:22,Campinas,2
2024-04-01,02:52,Campinas,4
2024-04-07,09:01,Ribeirão Preto,4
2024-04-07,04:41,Ribeirão Preto,4
2024-04-05,02:43,São José do Rio Preto,4
2024-04-06,04:50,Campinas,3
2024-04-02,03:36,Ribeirão Preto,2
2024-04-06,18:41,Ribeirão Preto,2
2024-04-07,02:31,Ribeirão Preto,2
2024-04-05,04:00,Sorocaba,3
2024-04-05,01:38,Campinas,3
2024-04-06,04:00,Ribeirão Preto,4
2024-04-07,11:53,São José do Rio Preto,3
2024-04-01,01:59,Campinas,3
2024-04-03,03:53,Ribeirão Preto,1
2024-04-02,12:48,Campinas,4
2024-04-06,23:43,Ribeirão Preto,4
2024-04-04,01:30,Campinas,1
2024-04-05,04:38,Ribeirão Preto,2
2024-04-02,04:07,Ribeirão Preto,1
2024-04-01,08:02,Ribeirão Preto,1
2024-04-02,02:46,Ribeirão Preto,1
2024-04-04,23:11,Ribeirão Preto,3
2024-04-04,17:57,Sorocaba,1
2024-04-01,16:48,Campinas,5
2024-04-02,17:33,Ribeirão Preto,1
2024-04-06,12:48,Ribeirão Preto,2
2024-04-03,01:24,Ribeirão Preto,2
2024-04-03,19:35,Ribeirão Preto,2
2024-04-06,09:06,São Paulo,1
2024-04-05,02:14,Ribeirão Preto,4
2024-04-06,03:20,Campinas,2
2024-04-07,13:24,Sorocaba,1
2024-04-05,01:47,Ribeirão Preto,2
2024-04-02,23:56,Campinas,3
2024-04-06,18:37,Ribeirão Preto,3
2024-04-07,04:36,Sorocaba,1
2024-04-05,04:57,Ribeirão Preto,2
2024-04-04,03:15,Sorocaba,2
2024-04-01,04:00,Ribeirão Preto,5
2024-04-05,04:46,Ribeirão Preto,2
2024-04-06,02:51,Campinas,4
2024-04-03,03:36,São Paulo,3
2024-04-06,04:44,Ribeirão Preto,2
2024-04-04,04:13,Ribeirão Preto,4
2024-04-07,20:56,Ribeirão Preto,1
2024-04-03,02:33,Ribeirão Preto,3
2024-04-05,12:01,São José do Rio Preto,1
2024-04-06,01:30,Campinas,2
2024-04-05,02:18,Campinas,1
2024-04-07,19:18,Ribeirão Preto,3
2024-04-04,12:43,Ribeirão Preto,1
2024-04-03,01:22,Ribeirão Preto,1
2024-04-01,03:29,Ribeirão Preto,1
2024-04-01,04:16,Ribeirão Preto,4
2024-04-07,03:01,Campinas,4
2024-04-04,08:10,Sorocaba,2
2024-04-06,04:48,São Paulo,1
2024-04-05,09:13,Ribeirão Preto,4
2024-04-06,21:40,Campinas,3
2024-04-04,04:57,Campinas,3
2024-04-03,04:56,Ribeirão Preto,1
2024-04-01,06:28,Ribeirão Preto,2
2024-04-05,04:18,Ribeirão Preto,4
2024-04-03,03:27,Sorocaba,4
2024-04-01,02:50,Ribeirão Preto,4
2024-04-01,11:00,Campinas,2
2024-04-02,03:04,Ribeirão Preto,5
2024-04-05,05:50,Campinas,4
2024-04-04,14:33,Campinas,1
2024-04-02,01:13,São José do Rio Preto,4
2024-04-01,01:18,Ribeirão Preto,4
2024-04-05,19:23,Ribeirão Preto,5
2024-04-07,11:39,Sorocaba,1
2024-04-07,16:16,Ribeirão Preto,1
2024-04-05,03:01,Sorocaba,1
2024-04-02,18:30,Sorocaba,4
2024-04-03,04:16,Sorocaba,4
2024-04-03,04:07,Campinas,3
2024-04-07,04:45,São José do Rio Preto,5
2024-04-04,03:16,Campinas,1
2024-04-05,02:37,Sorocaba,1
2024-04-06,07:25,Campinas,3
2024-04-02,02:42,São José do Rio Preto,4
2024-04-01,04:39,Ribeirão Preto,3
2024-04-03,13:44,Ribeirão Preto,3
2024-04-02,04:39,Sorocaba,4
2024-04-04,10:06,Campinas,2
2024-04-04,04:55,Ribeirão Preto,5
2024-04-06,10:23,Ribeirão Preto,2
2024-04-05,07:29,Campinas,2
2024-04-04,05:25,Ribeirão Preto,5
2024-04-04,02:29,Ribeirão Preto,2
2024-04-06,01:34,São Paulo,4
2024-04-06,02:01,Ribeirão Preto,2
2024-04-03,02:43,Ribeirão Preto,2
2024-04-03,14:03,Sorocaba,2
2024-04-04,21:04,Sorocaba,4
2024-04-07,05:47,Ribeirão Preto,3
2024-04-06,19:01,Sorocaba,1
2024-04-07,02:30,São José do Rio Preto,5
2024-04-05,04:26,Ribeirão Preto,5
2024-04-03,23:23,São José do Rio Preto,4
2024-04-03,04:55,São José do Rio Preto,1
2024-04-06,06:44,Campinas,2
2024-04-07,01:59,Ribeirão Preto,5
2024-04-04,07:03,Campinas,2
2024-04-05,12:27,Ribeirão Preto,4
2024-04-07,22:04,Sorocaba,4
2024-04-07,01:26,Sorocaba,4
2024-04-04,01:43,Ribeirão Preto,3
2024-04-01,07:46,Ribeirão Preto,4
2024-04-01,16:04,Campinas,2
2024-04-07,03:04,Campinas,3
2024-04-06,21:47,Ribeirão Preto,2
2024-04-05,21:56,Sorocaba,4
2024-04-01,15:08,Sorocaba,3
2024-04-06,18:46,Sorocaba,1
2024-04-05,18:26,Sorocaba,4
2024-04-01,22:03,Campinas,3
2024-04-02,22:48,Campinas,3
2024-04-03,16:23,Ribeirão Preto,3
2024-04-06,02:26,Campinas,5
2024-04-07,20:00,Campinas,3
2024-04-04,01:31,Campinas,1
2024-04-05,02:15,São Paulo,4
2024-04-01,01:22,Ribeirão Preto,4
2024-04-07,04:27,Ribeirão Preto,4
2024-04-02,01:19,Campinas,3
2024-04-01,05:16,Campinas,4
2024-04-02,06:35,Ribeirão Preto,1
2024-04-04,20:54,Ribeirão Preto,5
2024-04-03,19:44,São José do Rio Preto,1
2024-04-07,23:07,Campinas,5
2024-04-03,13:17,São Paulo,4
2024-04-02,04:12,Ribeirão Preto,2
2024-04-06,01:08,Campinas,5
2024-04-07,06:36,Ribeirão Preto,1
2024-04-01,01:29,Sorocaba,1
2024-04-03,04:42,São Paulo,2
2024-04-01,04:27,Campinas,5
2024-04-05,04:45,São Paulo,5
2024-04-01,11:55,Campinas,1
2024-04-06,04:49,Campinas,5
2024-04-05,22:17,Ribeirão Preto,2
2024-04-05,04:19,Ribeirão Preto,5
2024-04-03,10:47,São Paulo,5
2024-04-05,08:35,São Paulo,2
2024-04-01,03:18,Ribeirão Preto,4
2024-04-07,13:04,Ribeirão Preto,5
2024-04-04,04:33,Ribeirão Preto,1
2024-04-06,10:16,Ribeirão Preto,3
2024-04-01,20:27,Ribeirão Preto,1
2024-04-02,08:35,Ribeirão Preto,1
2024-04-07,19:37,Ribeirão Preto,4
2024-04-02,02:29,São Paulo,4
2024-04-01,01:53,São José do Rio Preto,1
2024-04-02,17:17,Campinas,5
2024-04-04,02:05,Sorocaba,1
2024-04-02,20:51,Ribeirão Preto,5
2024-04-03,01:25,Ribeirão Preto,2
2024-04-07,03:14,Ribeirão Preto,2
2024-04-07,02:00,Ribeirão Preto,4
2024-04-07,02:16,Ribeirão Preto,3
2024-04-04,20:30,Ribeirão Preto,3
2024-04-07,01:01,Campinas,4
2024-04-03,01:35,Ribeirão Preto,2
2024-04-03,04:55,São Paulo,4
2024-04-07,02:34,Campinas,2
2024-04-04,03:26,Ribeirão Preto,5
2024-04-06,22:52,São José do Rio Preto,2
2024-04-03,06:02,Ribeirão Preto,2
2024-04-02,03:55,Ribeirão Preto,2
2024-04-01,04:45,Ribeirão Preto,3
2024-04-04,03:19,São José do Rio Preto,2
2024-04-07,02:58,Ribeirão Preto,1
2024-04-01,02:07,Ribeirão Preto,5
2024-04-04,02:28,Ribeirão Preto,3
2024-04-04,06:07,Ribeirão Preto,1
2024-04-03,04:40,Sorocaba,3
2024-04-01,17:49,Campinas,3
2024-04-06,06:26,Ribeirão Preto,1
2024-04-07,16:25,Ribeirão Preto,4
2024-04-02,04:38,Campinas,4
2024-04-01,02:09,Ribeirão Preto,2
2024-04-04,02:29,Ribeirão Preto,1
2024-04-02,01:32,Ribeirão Preto,2
2024-04-03,03:35,Campinas,4
2024-04-02,03:19,Ribeirão Preto,1
2024-04-02,09:03,Ribeirão Preto,1
2024-04-01,17:22,Ribeirão Preto,1
2024-04-04,19:28,São José do Rio Preto,2
2024-04-04,08:45,São Paulo,3
2024-04-04,20:31,Campinas,3
2024-04-05,04:36,Campinas,3
2024-04-03,04:36,Ribeirão Preto,1
2024-04-01,07:50,Campinas,4
2024-04-04,02:25,Ribeirão Preto,2
2024-04-02,14:52,São José do Rio Preto,2
2024-04-05,21:04,Campinas,4
2024-04-03,20:23,São José do Rio Preto,3
2024-04-04,02:42,Ribeirão Preto,5
2024-04-05,10:01,Campinas,4
2024-04-07,13:14,Ribeirão Preto,3
2024-04-03,04:45,São Paulo,1
2024-04-06,16:45,Ribeirão Preto,4
2024-04-06,01:39,Sorocaba,3
2024-04-02,15:51,São José do Rio Preto,2
2024-04-07,03:56,São Paulo,5
2024-04-05,04:07,São Paulo,5
2024-04-01,06:36,São José do Rio Preto,5
2024-04-07,03:36,Sorocaba,3
2024-04-03,03:56,Sorocaba,3
2024-04-05,04:13,Ribeirão Preto,1
2024-04-05,01:04,Ribeirão Preto,5
2024-04-03,04:08,Ribeirão Preto,2
2024-04-05,07:21,Sorocaba,5
2024-04-05,01:58,São Paulo,4
2024-04-03,02:42,Ribeirão Preto,4
2024-04-07,01:48,Ribeirão Preto,2
2024-04-02,05:58,São José do Rio Preto,3
2024-04-06,01:43,São José do Rio Preto,5
2024-04-01,12:43,Campinas,4
2024-04-03,04:55,Sorocaba,2
2024-04-04,07:47,São José do Rio Preto,1
2024-04-05,02:29,Campinas,4
2024-04-07,08:32,Sorocaba,4
2024-04-01,02:49,Ribeirão Preto,5
2024-04-01,03:37,Ribeirão Preto,3
2024-04-03,21:36,Sorocaba,4
2024-04-04,11:49,Sorocaba,4
2024-04-04,21:44,Campinas,5
2024-04-02,14:37,Sorocaba,3
2024-04-04,03:06,São Paulo,1
2024-04-06,01:02,Ribeirão Preto,1
2024-04-03,01:42,São Paulo,1
2024-04-01,02:39,Campinas,1
2024-04-01,15:31,São José do Rio Preto,3
2024-04-04,22:35,Ribeirão Preto,1
2024-04-05,03:41,Sorocaba,5
2024-04-07,03:40,Campinas,5
2024-04-06,13:54,Ribeirão Preto,5
2024-04-07,18:44,Ribeirão Preto,1
2024-04-02,03:18,Ribeirão Preto,5
2024-04-04,04:30,Campinas,5
2024-04-06,05:29,Campinas,2
2024-04-03,04:46,Sorocaba,1
2024-04-02,05:36,Campinas,5
2024-04-06,22:24,Ribeirão Preto,3
2024-04-04,03:12,Ribeirão Preto,5
2024-04-02,04:11,São Paulo,2
2024-04-05,03:08,Campinas,3
2024-04-03,01:55,Sorocaba,3
2024-04-04,03:39,São José do Rio Preto,4
2024-04-01,03:08,Ribeirão Preto,2
2024-04-03,02:52,Ribeirão Preto,2
2024-04-05,06:44,Ribeirão Preto,5
2024-04-06,05:26,Campinas,2
2024-04-05,02:40,Ribeirão Preto,3
2024-04-01,01:30,Ribeirão Preto,3
2024-04-07,18:05,Ribeirão Preto,5
2024-04-03,18:28,Ribeirão Preto,3
2024-04-04,02:29,Ribeirão Preto,5
2024-04-01,11:37,São José do Rio Preto,4
2024-04-07,02:10,São Paulo,2
2024-04-04,03:41,Campinas,2
2024-04-02,12:45,São José do Rio Preto,2
2024-04-04,01:59,São Paulo,4
2024-04-02,21:05,Sorocaba,2
2024-04-04,02:38,Ribeirão Preto,4
2024-04-02,04:40,São Paulo,4
2024-04-03,22:30,São Paulo,5
2024-04-07,03:34,Ribeirão Preto,1
2024-04-05,04:11,Campinas,1
2024-04-03,03:47,Sorocaba,5
2024-04-01,01:44,Ribeirão Preto,5
2024-04-03,10:05,Campinas,5
2024-04-03,08:44,Campinas,2
2024-04-05,01:25,Sorocaba,3
2024-04-06,04:36,Ribeirão Preto,5
2024-04-03,05:31,Ribeirão Preto,4
2024-04-01,17:03,São Paulo,1
2024-04-03,01:39,Ribeirão Preto,2
2024-04-03,19:02,Sorocaba,3
2024-04-03,19:01,Sorocaba,1
2024-04-07,03:19,Campinas,1
2024-04-03,04:18,São José do Rio Preto,1
2024-04-05,18:38,São Paulo,4
2024-04-07,03:11,Ribeirão Preto,4
2024-04-05,02:35,São José do Rio Preto,4
2024-04-01,01:41,Sorocaba,3
2024-04-06,18:27,Ribeirão Preto,1
2024-04-01,03:08,Sorocaba,5
2024-04-01,01:43,Ribeirão Preto,3
2024-04-06,01:10,São Paulo,4
2024-04-03,07:52,Ribeirão Preto,4
2024-04-06,01:29,Ribeirão Preto,4
2024-04-04,04:50,Ribeirão Preto,2
2024-04-07,10:01,Campinas,1
2024-04-03,18:37,Sorocaba,5
2024-04-04,03:37,Campinas,1
2024-04-01,07:32,Ribeirão Preto,3
2024-04-03,18:06,Sorocaba,2
2024-04-06,08:43,Ribeirão Preto,3
2024-04-06,06:20,Campinas,4
2024-04-07,19:54,São José do Rio Preto,4
2024-04-06,13:11,São Paulo,5
2024-04-06,12:51,Campinas,1
2024-04-01,05:20,Campinas,3
2024-04-05,04:22,Ribeirão Preto,4
2024-04-01,20:05,Sorocaba,5
2024-04-03,07:13,Campinas,5
2024-04-05,02:31,São José do Rio Preto,3
2024-04-06,04:48,Campinas,1
2024-04-05,13:48,Ribeirão Preto,2
2024-04-04,01:49,Ribeirão Preto,5
2024-04-02,09:44,Sorocaba,3
2024-04-05,01:12,Ribeirão Preto,4
2024-04-02,19:26,Campinas,2
2024-04-01,01:10,Ribeirão Preto,2
2024-04-01,09:31,Ribeirão Preto,1
2024-04-05,03:02,São Paulo,3
2024-04-04,02:48,São Paulo,1
2024-04-01,11:57,Campinas,5
2024-04-02,19:01,Ribeirão Preto,5
2024-04-05,01:29,Ribeirão Preto,3
2024-04-07,03:59,Campinas,4
2024-04-05,03:01,Campinas,5
2024-04-04,02:38,Campinas,5
2024-04-05,01:58,Ribeirão Preto,4
2024-04-03,01:28,São Paulo,2
2024-04-02,06:59,São Paulo,3
2024-04-07,02:21,Campinas,2
2024-04-06,20:24,Ribeirão Preto,1
2024-04-07,02:41,Ribeirão Preto,4
2024-04-03,09:45,Ribeirão Preto,3
2024-04-03,04:52,São Paulo,4
2024-04-02,03:18,Ribeirão Preto,4
2024-04-05,03:48,Campinas,2
2024-04-05,03:15,São Paulo,2
2024-04-03,01:16,Sorocaba,1
2024-04-06,02:49,Ribeirão Preto,3
2024-04-02,02:26,Ribeirão Preto,4
2024-04-01,04:42,Sorocaba,1
2024-04-02,11:18,São José do Rio Preto,4
2024-04-06,03:42,Ribeirão Preto,1
2024-04-03,10:41,São Paulo,4
2024-04-02,20:29,Ribeirão Preto,2
2024-04-02,04:13,Ribeirão Preto,5
2024-04-07,05:45,São Paulo,1
2024-04-01,15:41,Ribeirão Preto,1
2024-04-04,01:31,Ribeirão Preto,5
2024-04-04,03:52,Campinas,2
2024-04-01,14:22,São Paulo,1
2024-04-02,04:35,Sorocaba,2
2024-04-03,07:09,Sorocaba,4
2024-04-01,01:58,Campinas,4
2024-04-04,21:37,São Paulo,5
2024-04-06,02:53,Sorocaba,3
2024-04-04,04:28,Campinas,2
2024-04-01,08:10,Ribeirão Preto,3
2024-04-02,03:49,Ribeirão Preto,3
2024-04-05,14:37,Campinas,2
2024-04-03,02:52,Ribeirão Preto,3
2024-04-07,01:14,São José do Rio Preto,1
2024-04-05,03:31,Ribeirão Preto,4
2024-04-03,11:26,São José do Rio Preto,5
2024-04-05,16:37,Campinas,2
2024-04-05,21:51,Sorocaba,5
2024-04-03,03:00,Campinas,4
2024-04-06,13:40,Campinas,5
2024-04-03,11:13,Campinas,2
2024-04-04,07:02,Sorocaba,5
2024-04-02,02:29,Ribeirão Preto,3
2024-04-02,01:30,Ribeirão Preto,3
2024-04-04,23:00,Ribeirão Preto,4
2024-04-06,01:45,Sorocaba,3
2024-04-05,03:13,São José do Rio Preto,5
2024-04-06,01:35,Ribeirão Preto,1
2024-04-06,02:45,Ribeirão Preto,5
2024-04-03,17:54,São Paulo,1
2024-04-01,01:35,Campinas,5
2024-04-05,04:42,Campinas,1
2024-04-02,06:51,Campinas,1
2024-04-03,02:40,Campinas,2
2024-04-04,01:42,Ribeirão Preto,2
2024-04-06,01:14,São José do Rio Preto,5
2024-04-05,23:37,Sorocaba,3
2024-04-07,11:24,Ribeirão Preto,2
2024-04-01,03:43,São Paulo,1
2024-04-05,01:59,São Paulo,5
2024-04-04,15:44,Sorocaba,3
2024-04-01,03:49,Campinas,5
2024-04-05,04:54,Ribeirão Preto,1
2024-04-04,18:54,Campinas,2
2024-04-05,19:13,Campinas,2
2024-04-07,01:23,Campinas,4
2024-04-03,16:57,Ribeirão Preto,4
2024-04-05,08:42,Ribeirão Preto,5
2024-04-06,04:56,Ribeirão Preto,5
2024-04-04,04:55,Ribeirão Preto,3
2024-04-02,23:01,Campinas,2
2024-04-04,01:50,São Paulo,2
2024-04-05,15:59,Ribeirão Preto,4
2024-04-03,23:33,São Paulo,1
2024-04-02,12:48,Campinas,1
2024-04-07,16:22,Sorocaba,4
2024-04-07,21:07,Ribeirão Preto,5
2024-04-06,01:04,Campinas,2
2024-04-04,04:57,São José do Rio Preto,2
